Timestamp (UTC),trval,tqP,tq1P,tq2P
18:35:36.664,01,1.46,-1.47
18:35:36.664,0.79,-0.00,1.46,-1.47
18:35:36.665,-2.29,-0.03,1.42,-1.47
18:35:36.665,-1.21,-0.02,1.44,-1.49
18:35:36.665,2.21,-0.02,1.45,-1.49
18:35:36.666,.47,-1.49
18:35:36.666,2.79,-0.01,1.46,-1.47
18:35:36.666,0.79,-0.00,1.46,-1.47
18:35:36.666,-2.29,-0.03,1.42,-1.47
18:35:36.666,-1.21,-0.02,1.44,-1.49
18:35:36.667,2.21,-0.02,1.45,-1.49
18:35:40.565,pEnd Setup.-3.21,0.01,0.05,-0.03
18:35:40.652,-0.57,0.00,-0.01,0.01
18:35:40.738,-0.07,0.00,-0.01,0.02
18:35:40.828,0.64,0.01,-0.00,0.02
18:35:40.913,1.14,-0.01,-0.02,0.01
18:35:40.999,2.64,-0.02,-0.05,0.01
18:35:41.085,4.93,-0.08,-0.15,0.00
18:35:41.172,4.29,-0.11,-0.19,-0.02
18:35:41.257,1.50,-0.11,-0.20,-0.01
18:35:41.347,0.79,-0.09,-0.18,-0.01
18:35:41.433,2.71,-0.00,-0.04,0.03
18:35:41.520,1.93,0.02,0.00,0.04
18:35:41.606,0.07,0.05,0.06,0.04
18:35:41.692,-2.29,-0.00,0.03,-0.03
18:35:41.778,-2.79,-0.01,-0.00,-0.01
18:35:41.876,0.29,0.02,0.04,0.00
18:35:41.974,1.07,0.03,0.07,-0.02
18:35:42.073,-0.86,0.04,0.09,-0.00
18:35:42.171,-0.36,0.05,0.10,-0.01
18:35:42.273,1.71,0.04,0.08,0.00
18:35:42.371,-0.07,0.03,0.06,0.01
18:35:42.470,-2.43,0.03,0.06,0.00
18:35:42.568,-2.86,0.03,0.06,-0.01
18:35:42.666,3.71,0.05,0.12,-0.01
18:35:42.765,5.29,0.04,0.08,-0.00
18:35:42.863,0.79,0.03,0.06,0.01
18:35:42.965,-1.00,0.07,0.10,0.04
18:35:43.064,1.36,0.06,0.09,0.02
18:35:43.163,2.79,0.03,0.10,-0.05
18:35:43.260,1.57,0.05,0.11,-0.01
18:35:43.358,2.93,0.05,0.08,0.01
18:35:43.457,6.71,0.04,0.05,0.02
18:35:43.559,-4.86,0.05,0.08,0.02
18:35:43.658,-4.00,0.03,0.07,-0.01
18:35:43.755,2.43,0.03,0.06,0.00
18:35:43.854,3.21,0.05,0.10,-0.01
18:35:43.953,3.14,0.06,0.10,0.02
18:35:44.051,3.71,0.04,0.10,-0.01
18:35:44.150,5.00,0.03,0.07,-0.02
18:35:44.251,2.57,0.04,0.09,-0.02
18:35:44.349,0.21,0.07,0.14,0.00
18:35:44.447,1.71,0.06,0.12,-0.01
18:35:44.546,-1.00,0.03,0.06,0.01
18:35:44.645,-0.14,0.04,0.11,-0.02
18:35:44.743,1.57,0.05,0.11,0.00
18:35:44.845,-0.29,0.04,0.07,-0.00
18:35:44.943,-0.21,0.04,0.09,-0.02
18:35:45.042,2.00,0.01,0.06,-0.03
18:35:45.140,3.29,0.02,0.10,-0.05
18:35:45.238,6.93,0.06,0.14,-0.03
18:35:45.337,5.29,0.04,0.11,-0.04
18:35:45.435,0.36,0.03,0.09,-0.04
18:35:45.538,2.36,-0.00,0.02,-0.03
18:35:45.635,5.71,0.01,0.04,-0.02
18:35:45.734,1.14,0.04,0.10,-0.02
18:35:45.832,-1.21,0.05,0.13,-0.02
18:35:45.931,1.36,0.07,0.16,-0.02
18:35:46.029,-0.64,0.08,0.17,-0.01
18:35:46.128,-0.21,0.06,0.11,0.00
18:35:46.230,-1.07,0.02,0.05,-0.01
18:35:46.327,2.14,0.01,0.02,0.01
18:35:46.426,2.50,0.04,0.09,-0.01
18:35:46.525,-0.86,0.03,0.10,-0.03
18:35:46.623,-1.93,0.03,0.07,-0.02
18:35:46.722,-2.14,0.01,0.04,-0.02
18:35:46.824,0.00,0.06,0.14,-0.03
18:35:46.922,0.93,0.05,0.15,-0.05
18:35:47.020,3.21,0.03,0.11,-0.05
18:35:47.118,4.79,0.01,0.04,-0.02
18:35:47.217,1.57,0.00,0.02,-0.01
18:35:47.315,0.50,0.06,0.11,0.00
18:35:47.414,2.50,0.05,0.11,-0.01
18:35:47.516,0.93,0.07,0.13,0.01
18:35:47.614,-2.71,0.05,0.11,-0.00
18:35:47.713,-2.21,0.04,0.12,-0.04
18:35:47.811,-0.43,0.02,0.07,-0.03
18:35:47.909,1.79,0.02,0.05,-0.01
18:35:48.007,3.86,0.02,0.05,-0.01
18:35:48.109,-0.57,0.04,0.08,-0.01
18:35:48.208,-0.86,0.07,0.14,0.01
18:35:48.306,0.29,0.04,0.11,-0.04
18:35:48.404,2.43,0.05,0.13,-0.04
18:35:48.503,1.50,0.06,0.14,-0.02
18:35:48.601,2.79,0.02,0.08,-0.03
18:35:48.700,4.14,0.02,0.07,-0.02
18:35:48.801,0.29,0.06,0.11,0.01
18:35:48.900,0.71,0.06,0.13,-0.00
18:35:48.999,1.00,0.05,0.11,-0.01
18:35:49.096,1.43,0.06,0.11,0.00
18:35:49.195,4.07,0.06,0.12,-0.01
18:35:49.293,2.07,0.06,0.14,-0.03
18:35:49.392,0.36,0.07,0.17,-0.03
18:35:49.494,1.29,0.04,0.11,-0.02
18:35:49.593,0.29,0.03,0.08,-0.02
18:35:49.690,0.71,0.04,0.09,-0.01
18:35:49.789,1.36,0.04,0.10,-0.02
18:35:49.887,3.57,0.05,0.11,-0.01
18:35:49.986,1.57,0.06,0.11,0.02
18:35:50.088,-2.50,0.05,0.12,-0.02
18:35:50.185,-1.14,0.06,0.13,-0.02
18:35:50.284,2.00,0.02,0.07,-0.04
18:35:50.382,3.00,0.01,0.06,-0.05
18:35:50.481,2.07,0.04,0.11,-0.03
18:35:50.579,-2.43,0.02,0.08,-0.04
18:35:50.678,-0.50,0.01,0.07,-0.04
18:35:50.780,2.43,0.01,0.09,-0.07
18:35:50.878,1.00,-0.04,-0.02,-0.06
18:35:50.976,-3.86,-0.28,-0.49,-0.06
18:35:51.075,6.64,-0.44,-0.79,-0.09
18:35:51.174,5.86,-0.43,-0.80,-0.06
18:35:51.271,12.86,-0.28,-0.54,-0.01
18:35:51.373,17.36,-0.15,-0.30,-0.00
18:35:51.472,-22.00,-0.11,-0.22,-0.00
18:35:51.570,-25.79,-0.10,-0.18,-0.02
18:35:51.669,-26.00,-0.13,-0.21,-0.04
18:35:51.768,-26.64,-0.14,-0.19,-0.09
18:35:51.866,-26.00,-0.17,-0.25,-0.08
18:35:51.963,-24.71,-0.14,-0.18,-0.09
18:35:52.066,-25.21,-0.03,0.04,-0.10
18:35:52.165,-24.07,-0.07,-0.05,-0.09
18:35:52.263,-23.86,-0.09,-0.13,-0.05
18:35:52.362,-25.14,-0.93,-2.08,0.21
18:35:52.460,110.71,3.96,-8.71,16.63
18:35:52.558,1652.50,3.96,-11.77,19.69
18:35:52.660,3251.29,4.12,-12.17,20.40
18:35:52.757,3495.86,4.14,-12.24,20.52
18:35:52.856,3500.93,4.14,-12.02,20.29
18:35:52.955,3117.79,5.32,-10.19,20.83
18:35:53.053,2500.00,5.45,-7.57,18.47
18:35:53.152,2213.07,2.38,-5.62,10.38
18:35:53.250,2086.71,1.82,-3.81,7.45
18:35:53.352,2011.57,1.37,-2.44,5.19
18:35:53.450,1960.57,0.98,-1.48,3.45
18:35:53.549,1880.29,0.84,-1.12,2.79
18:35:53.647,1845.14,0.51,-1.16,2.17
18:35:53.746,1823.57,0.23,-1.04,1.49
18:35:53.844,1798.21,0.21,-1.12,1.54
18:35:53.942,1778.21,-0.01,-1.14,1.12
18:35:54.044,1759.36,-0.49,-1.17,0.19
18:35:54.142,1723.50,-0.74,-1.49,0.00
18:35:54.241,1702.29,-0.72,-1.40,-0.04
18:35:54.340,1686.93,-0.65,-1.27,-0.04
18:35:54.437,1662.79,-0.61,-1.18,-0.04
18:35:54.538,1652.57,-0.54,-1.09,0.01
18:35:54.638,1645.29,-0.49,-0.94,-0.04
18:35:54.736,1635.50,-0.50,-0.94,-0.06
18:35:54.835,1624.57,-0.55,-1.06,-0.05
18:35:54.934,1620.43,-1.05,-2.06,-0.03
18:35:55.032,1611.50,-1.71,-3.38,-0.05
18:35:55.130,1603.79,-1.91,-3.75,-0.06
18:35:55.229,1586.86,-1.91,-3.79,-0.03
18:35:55.331,1581.86,-1.88,-3.72,-0.03
18:35:55.428,1573.43,-1.92,-3.79,-0.05
18:35:55.527,1564.21,-1.95,-3.85,-0.05
18:35:55.625,1562.93,-1.98,-3.93,-0.04
18:35:55.724,1561.93,-2.06,-4.11,-0.02
18:35:55.822,1557.21,-2.13,-4.24,-0.02
18:35:55.920,1550.36,-2.25,-4.52,0.01
18:35:56.023,1527.50,-2.41,-4.84,0.01
18:35:56.121,1511.29,-2.38,-4.74,-0.02
18:35:56.220,1509.00,-2.14,-4.23,-0.04
18:35:56.317,1501.36,-2.07,-4.11,-0.02
18:35:56.416,1496.36,-2.09,-4.18,-0.00
18:35:56.514,1496.43,-2.09,-4.19,0.01
18:35:56.613,1493.36,-2.14,-4.28,0.00
18:35:56.714,1492.07,-2.20,-4.39,0.00
18:35:56.813,1489.86,-2.32,-4.61,-0.03
18:35:56.911,1484.43,-2.61,-5.27,0.05
18:35:57.009,1475.14,-0.25,-3.23,2.72
18:35:57.108,1459.71,2.78,-1.21,6.76
18:35:57.207,1448.50,2.01,-1.03,5.05
18:35:57.309,1445.71,1.70,-1.00,4.40
18:35:57.407,1447.57,1.64,-0.98,4.26
18:35:57.505,1443.50,1.82,-0.97,4.61
18:35:57.604,1443.93,1.88,-1.04,4.80
18:35:57.702,1443.07,1.90,-0.99,4.78
18:35:57.800,1441.50,1.94,-0.98,4.87
18:35:57.899,1442.29,1.93,-1.18,5.04
18:35:58.001,1442.93,1.88,-1.19,4.94
18:35:58.099,1444.36,1.25,-1.08,3.58
18:35:58.198,1452.86,0.98,-1.17,3.13
18:35:58.296,1447.29,0.81,-1.16,2.77
18:35:58.394,1449.64,0.64,-1.08,2.36
18:35:58.492,1452.79,0.42,-1.08,1.93
18:35:58.591,1452.50,0.25,-1.05,1.55
18:35:58.693,1450.29,0.15,-1.08,1.37
18:35:58.791,1449.57,-0.13,-1.16,0.90
18:35:58.890,1447.07,-0.18,-1.30,0.93
18:35:58.988,1447.50,0.01,-1.28,1.29
18:35:59.086,1450.21,0.11,-1.11,1.33
18:35:59.185,1449.14,0.09,-1.03,1.20
18:35:59.286,1447.07,0.08,-1.11,1.27
18:35:59.385,1443.07,0.10,-1.15,1.36
18:35:59.484,1439.93,0.25,-1.17,1.68
18:35:59.582,1440.00,0.24,-1.23,1.70
18:35:59.681,1439.79,0.39,-1.20,1.97
18:35:59.779,1435.29,0.57,-1.19,2.32
18:35:59.877,1435.21,0.56,-1.31,2.44
18:35:59.978,1439.93,0.12,-1.37,1.61
18:36:00.078,1440.14,0.32,-1.05,1.69
18:36:00.176,1435.21,0.41,-0.99,1.81
18:36:00.274,1426.07,0.44,-0.99,1.87
18:36:00.372,1419.29,0.51,-1.07,2.09
18:36:00.470,1415.43,0.59,-1.05,2.23
18:36:00.569,1417.00,0.61,-1.00,2.21
18:36:00.672,1417.57,0.52,-1.00,2.05
18:36:00.770,1419.71,0.45,-1.05,1.95
18:36:00.868,1418.29,0.43,-1.16,2.03
18:36:00.966,1415.86,0.17,-1.32,1.66
18:36:01.065,1418.93,0.54,-1.14,2.21
18:36:01.162,1423.21,0.61,-1.13,2.35
18:36:01.261,1428.71,0.45,-1.18,2.08
18:36:01.364,1423.00,0.26,-1.25,1.77
18:36:01.461,1410.43,0.27,-1.17,1.71
18:36:01.560,1406.14,0.34,-1.12,1.80
18:36:01.658,1403.71,0.29,-1.14,1.73
18:36:01.757,1410.86,0.27,-1.16,1.71
18:36:01.856,1393.36,0.44,-1.21,2.08
18:36:01.958,1392.93,0.60,-1.34,2.54
18:36:02.055,1390.57,1.38,-1.15,3.91
18:36:02.154,1390.50,1.51,-1.02,4.05
18:36:02.253,1386.93,0.79,-1.01,2.59
18:36:02.351,1385.43,1.04,-1.03,3.11
18:36:02.449,1394.86,1.08,-1.03,3.19
18:36:02.547,1390.57,1.20,-1.11,3.52
18:36:02.650,1383.29,1.35,-1.09,3.79
18:36:02.747,1386.07,1.30,-1.03,3.62
18:36:02.846,1389.14,1.15,-1.04,3.35
18:36:02.945,1388.29,0.81,-1.88,3.51
18:36:03.043,1384.86,0.72,-1.87,3.32
18:36:03.141,1368.00,0.13,-1.15,1.42
18:36:03.243,1364.57,-0.46,-1.09,0.17
18:36:03.341,1362.50,-0.47,-1.08,0.14
18:36:03.440,1364.50,-0.44,-1.03,0.14
18:36:03.538,1372.57,-0.43,-1.03,0.18
18:36:03.637,1370.14,-0.44,-1.04,0.16
18:36:03.735,1368.21,-0.45,-1.05,0.14
18:36:03.834,1368.43,-0.47,-1.09,0.15
18:36:03.936,1367.50,-0.47,-1.08,0.15
18:36:04.033,1367.79,-0.45,-1.05,0.16
18:36:04.131,1366.57,-0.45,-1.07,0.18
18:36:04.231,1365.36,-0.43,-1.03,0.18
18:36:04.329,1360.79,-0.42,-1.04,0.20
18:36:04.427,1361.43,-0.44,-1.06,0.19
18:36:04.525,1364.79,-0.48,-1.13,0.18
18:36:04.628,1363.00,-0.50,-1.15,0.15
18:36:04.725,1359.00,-0.48,-1.11,0.15
18:36:04.824,1356.07,-0.43,-1.06,0.21
18:36:04.923,1357.57,-0.41,-0.99,0.18
18:36:05.021,1354.43,-0.43,-1.03,0.18
18:36:05.119,1352.07,-0.42,-1.01,0.18
18:36:05.217,1350.36,-0.40,-1.00,0.20
18:36:05.321,1350.79,-0.41,-1.06,0.24
18:36:05.417,1347.71,-0.42,-1.08,0.25
18:36:05.516,1346.14,-0.44,-1.08,0.20
18:36:05.615,1347.00,-0.44,-1.09,0.21
18:36:05.713,1348.21,-0.42,-1.07,0.22
18:36:05.811,1341.36,-0.41,-1.03,0.21
18:36:05.914,1333.21,-0.38,-1.00,0.23
18:36:06.012,1331.07,-0.43,-1.07,0.22
18:36:06.110,1323.07,-0.39,-0.98,0.21
18:36:06.209,1321.07,-0.41,-1.01,0.20
18:36:06.307,1331.00,-0.46,-1.09,0.17
18:36:06.406,1339.00,-0.44,-1.06,0.18
18:36:06.503,1334.36,-0.45,-1.06,0.16
18:36:06.606,1325.50,-0.44,-1.02,0.14
18:36:06.704,1321.57,-0.44,-1.05,0.18
18:36:06.803,1320.57,-0.38,-1.01,0.24
18:36:06.901,1314.64,-0.34,-0.91,0.22
18:36:07.000,1306.43,-0.40,-0.99,0.18
18:36:07.098,1302.14,-0.47,-1.12,0.19
18:36:07.196,1299.93,-0.48,-1.18,0.21
18:36:07.298,1294.86,-0.43,-1.11,0.24
18:36:07.396,1286.71,-0.44,-1.10,0.22
18:36:07.494,1281.86,-0.42,-1.04,0.19
18:36:07.594,1282.29,-0.39,-0.99,0.20
18:36:07.692,1283.21,-0.36,-0.93,0.21
18:36:07.790,1278.71,-0.33,-0.89,0.22
18:36:07.892,1272.57,-0.38,-0.97,0.20
18:36:07.991,1263.71,-0.42,-1.05,0.21
18:36:08.089,1257.57,-0.41,-1.05,0.22
18:36:08.187,1258.79,-0.42,-1.06,0.22
18:36:08.285,1259.14,-0.40,-0.99,0.19
18:36:08.384,1259.43,-0.42,-1.04,0.20
18:36:08.482,1251.00,-0.44,-1.08,0.21
18:36:08.584,1244.79,-0.39,-1.03,0.25
18:36:08.683,1249.50,-0.38,-0.97,0.20
18:36:08.781,1250.93,-0.40,-0.99,0.18
18:36:08.879,1252.86,-0.40,-0.99,0.20
18:36:08.977,1249.36,-0.41,-1.02,0.20
18:36:09.076,1253.07,-0.43,-1.06,0.20
18:36:09.175,1249.57,-0.43,-1.06,0.20
18:36:09.276,1244.21,-0.44,-1.06,0.18
18:36:09.375,1238.07,-0.46,-1.09,0.17
18:36:09.473,1231.00,-0.38,-0.97,0.21
18:36:09.572,1226.07,-0.41,-1.03,0.21
18:36:09.670,1211.29,-0.43,-1.07,0.20
18:36:09.769,1211.29,-0.39,-1.02,0.24
18:36:09.866,1219.86,-0.36,-0.90,0.19
18:36:09.968,1068.79,-0.35,-0.88,0.18
18:36:10.067,691.50,-0.34,-0.86,0.18
18:36:10.165,316.07,-0.33,-0.87,0.20
18:36:10.263,82.29,-0.33,-0.88,0.22
18:36:10.362,71.29,-0.34,-0.90,0.22
18:36:10.460,66.93,-0.38,-0.97,0.21
18:36:10.559,65.29,-0.38,-0.97,0.20
18:36:10.660,66.29,-0.36,-0.92,0.19
18:36:10.759,66.36,-0.36,-0.90,0.19
18:36:10.857,66.21,-0.34,-0.89,0.22
18:36:10.956,62.93,-0.33,-0.92,0.25
18:36:11.054,64.93,-0.37,-0.94,0.20
18:36:11.153,61.14,-0.33,-0.85,0.20
18:36:11.251,61.86,-0.34,-0.91,0.22
18:36:11.353,63.57,-0.38,-0.97,0.20
18:36:11.452,67.21,-0.38,-0.92,0.17
18:36:11.549,69.00,-0.35,-0.93,0.22
18:36:11.648,62.43,-0.34,-0.88,0.20
18:36:11.746,60.00,-0.37,-0.91,0.18
18:36:11.845,62.50,-0.37,-0.92,0.17
18:36:11.946,62.43,-0.37,-0.95,0.22
18:36:12.045,62.36,-0.35,-0.89,0.19
18:36:12.143,63.79,-0.37,-0.91,0.17
18:36:12.242,61.21,-0.33,-0.87,0.21
18:36:12.341,64.71,-0.32,-0.82,0.19
18:36:12.439,66.93,-0.33,-0.83,0.18
18:36:12.536,68.07,-0.34,-0.87,0.20
18:36:12.639,66.86,-0.34,-0.90,0.21
18:36:12.738,69.07,-0.35,-0.90,0.20
18:36:12.835,69.29,-0.33,-0.87,0.20
18:36:12.934,69.50,-0.43,-1.06,0.20
18:36:13.033,69.93,-0.40,-1.01,0.21
18:36:13.131,67.14,-0.31,-0.84,0.22
18:36:13.229,66.79,-0.33,-0.88,0.23
18:36:13.331,67.50,-0.32,-0.86,0.22
18:36:13.429,66.93,-0.32,-0.83,0.20
18:36:13.527,65.57,-0.34,-0.86,0.18
18:36:13.626,68.93,-0.33,-0.84,0.19
18:36:13.725,68.79,-0.32,-0.85,0.20
18:36:13.823,67.64,-0.35,-0.88,0.19
18:36:13.925,67.86,-0.41,-1.00,0.17
18:36:14.024,66.93,-0.48,-1.15,0.19
18:36:14.122,66.57,-0.41,-0.98,0.16
18:36:14.221,65.21,-0.39,-0.96,0.17
18:36:14.318,66.21,-0.38,-0.98,0.22
18:36:14.417,69.14,-0.39,-1.00,0.21
18:36:14.515,71.50,-0.37,-0.91,0.18
18:36:14.617,69.64,-0.41,-1.01,0.20
18:36:14.716,69.07,-0.40,-1.00,0.20
18:36:14.814,69.79,-0.42,-1.02,0.19
18:36:14.912,70.57,-0.45,-1.10,0.19
18:36:15.010,69.57,-0.48,-1.14,0.18
18:36:15.109,69.86,-0.38,-0.96,0.21
18:36:15.207,69.21,-0.30,-0.81,0.20
18:36:15.308,66.21,-0.29,-0.78,0.20
18:36:15.407,64.71,-0.31,-0.81,0.20
18:36:15.506,62.57,-0.33,-0.85,0.19
18:36:15.604,68.57,-0.32,-0.85,0.20
18:36:15.703,69.29,-0.33,-0.86,0.20
18:36:15.801,69.00,-0.31,-0.81,0.19
18:36:15.903,71.36,-0.36,-0.91,0.19
18:36:16.002,71.50,-0.45,-1.08,0.18
18:36:16.100,68.00,-0.37,-0.91,0.17
18:36:16.199,66.71,-0.32,-0.82,0.18
18:36:16.296,64.93,-0.34,-0.86,0.19
18:36:16.395,64.50,-0.35,-0.88,0.18
18:36:16.494,63.57,-0.36,-0.89,0.17
18:36:16.596,62.21,-0.35,-0.89,0.18
18:36:16.693,68.21,-0.35,-0.88,0.19
18:36:16.793,70.36,-0.34,-0.87,0.18
18:36:16.891,67.50,-0.38,-0.93,0.18
18:36:16.989,74.07,-0.46,-1.11,0.19
18:36:17.087,70.86,-0.31,-0.84,0.22
18:36:17.189,66.36,-0.29,-0.81,0.23
18:36:17.287,67.43,-0.32,-0.85,0.22
18:36:17.386,68.07,-0.33,-0.88,0.21
18:36:17.485,67.21,-0.36,-0.92,0.20
18:36:17.583,69.57,-0.33,-0.86,0.20
18:36:17.681,65.14,-0.33,-0.87,0.20
18:36:17.780,69.00,-0.38,-0.94,0.18
18:36:17.882,69.86,-0.40,-0.98,0.19
18:36:17.979,68.93,-0.73,-1.66,0.20
18:36:18.077,69.43,-0.63,-1.46,0.19
18:36:18.176,68.64,-0.36,-0.87,0.15
18:36:18.275,67.79,-0.35,-0.87,0.16
18:36:18.373,68.79,-0.32,-0.84,0.19
18:36:18.472,67.50,-0.33,-0.85,0.18
18:36:18.574,66.14,-0.32,-0.83,0.19
18:36:18.672,65.43,-0.30,-0.78,0.18
18:36:18.770,66.64,-0.31,-0.83,0.21
18:36:18.869,66.86,-0.35,-0.90,0.20
18:36:18.968,68.36,-0.41,-1.02,0.20
18:36:19.065,70.14,-0.40,-0.99,0.20
18:36:19.167,68.57,-0.32,-0.82,0.19
18:36:19.266,68.71,-0.32,-0.85,0.21
18:36:19.364,70.14,-0.33,-0.85,0.19
18:36:19.463,70.64,-0.33,-0.83,0.17
18:36:19.561,72.93,-0.34,-0.86,0.19
18:36:19.659,70.79,-0.35,-0.87,0.17
18:36:19.757,68.71,-0.37,-0.91,0.18
18:36:19.860,65.29,-0.37,-0.92,0.19
18:36:19.958,66.29,-0.45,-1.07,0.18
18:36:20.056,66.64,-0.46,-1.11,0.19
18:36:20.155,68.50,-0.37,-0.94,0.21
18:36:20.254,70.29,-0.39,-0.95,0.18
18:36:20.351,70.29,-0.38,-0.94,0.18
18:36:20.454,73.93,-0.40,-0.99,0.18
18:36:20.552,72.50,-0.39,-0.99,0.20
18:36:20.650,70.43,-0.38,-0.94,0.19
18:36:20.749,71.14,-0.40,-0.99,0.20
18:36:20.847,72.14,-0.42,-1.02,0.18
18:36:20.946,66.14,-0.44,-1.08,0.19
18:36:21.044,70.14,-0.50,-1.18,0.19
18:36:21.145,73.07,-0.37,-0.92,0.17
18:36:21.244,71.57,-0.31,-0.76,0.15
18:36:21.343,69.07,-0.28,-0.73,0.17
18:36:21.441,68.14,-0.29,-0.77,0.19
18:36:21.538,70.29,-0.29,-0.73,0.16
18:36:21.638,67.43,-0.29,-0.72,0.14
18:36:21.740,68.86,-0.32,-0.79,0.14
18:36:21.838,69.43,-0.29,-0.76,0.17
18:36:21.936,70.14,-0.32,-0.82,0.18
18:36:22.035,68.29,-0.44,-1.03,0.15
18:36:22.133,68.29,-0.35,-0.91,0.21
18:36:22.231,68.07,-0.31,-0.80,0.18
18:36:22.329,68.71,-0.34,-0.83,0.16
18:36:22.432,66.50,-0.35,-0.87,0.16
18:36:22.530,66.07,-0.34,-0.84,0.16
18:36:22.628,67.50,-0.32,-0.81,0.16
18:36:22.727,69.36,-0.37,-0.85,0.11
18:36:22.826,68.79,-0.38,-0.87,0.11
18:36:22.923,69.07,-0.40,-0.94,0.13
18:36:23.022,67.79,-0.51,-1.14,0.13
18:36:23.124,66.29,-0.40,-0.95,0.15
18:36:23.223,67.43,-0.30,-0.78,0.17
18:36:23.320,67.57,-0.29,-0.75,0.17
18:36:23.419,66.43,-0.30,-0.76,0.17
18:36:23.517,65.71,-0.34,-0.80,0.11
18:36:23.616,69.64,-0.32,-0.77,0.12
18:36:23.718,69.21,-0.31,-0.75,0.14
18:36:23.816,68.86,-0.31,-0.75,0.13
18:36:23.915,70.50,-0.34,-0.82,0.14
18:36:24.013,71.14,-0.73,-1.59,0.12
18:36:24.112,67.29,-0.76,-1.62,0.11
18:36:24.209,65.00,-0.40,-0.90,0.10
18:36:24.308,64.21,-0.36,-0.81,0.09
18:36:24.410,66.14,-0.34,-0.79,0.10
18:36:24.509,64.50,-0.31,-0.70,0.07
18:36:24.606,61.29,-0.34,-0.75,0.07
18:36:24.706,65.57,-0.36,-0.80,0.08
18:36:24.803,65.71,-0.33,-0.77,0.10
18:36:24.902,69.79,-0.30,-0.72,0.13
18:36:25.004,70.93,-0.30,-0.69,0.10
18:36:25.102,66.36,-0.32,-0.75,0.12
18:36:25.201,65.21,-0.32,-0.75,0.11
18:36:25.299,63.14,-0.31,-0.73,0.11
18:36:25.397,63.21,-0.34,-0.80,0.13
18:36:25.496,67.93,-0.21,-0.56,0.13
18:36:25.594,69.64,-0.04,-0.17,0.10
18:36:25.696,67.57,0.03,-0.04,0.10
18:36:25.794,64.36,0.07,0.02,0.12
18:36:25.892,68.36,0.07,0.02,0.11
18:36:25.991,69.64,0.05,-0.01,0.10
18:36:26.089,68.36,0.06,0.03,0.10
18:36:26.187,63.57,0.06,-0.01,0.13
18:36:26.285,65.50,0.03,-0.08,0.14
18:36:26.388,69.00,0.02,-0.08,0.12
18:36:26.486,68.64,0.05,-0.02,0.12
18:36:26.585,68.57,0.02,-0.05,0.10
18:36:26.684,67.29,0.02,-0.07,0.12
18:36:26.781,71.64,0.03,-0.07,0.13
18:36:26.879,68.93,0.04,-0.02,0.11
18:36:26.982,62.07,0.04,-0.02,0.09
18:36:27.080,67.50,0.03,0.02,0.05
18:36:27.179,65.50,0.03,-0.00,0.06
18:36:27.278,66.50,0.05,0.01,0.09
18:36:27.375,68.50,0.05,0.00,0.10
18:36:27.474,68.57,0.06,0.01,0.11
18:36:27.572,68.21,0.07,0.04,0.10
18:36:27.674,64.71,0.04,0.02,0.07
18:36:27.772,64.43,0.06,0.02,0.11
18:36:27.871,66.71,0.08,0.07,0.09
18:36:27.969,67.93,0.06,0.07,0.06
18:36:28.068,67.29,0.03,0.02,0.04
18:36:28.166,65.86,0.04,0.00,0.08
18:36:28.264,67.50,0.06,0.04,0.08
18:36:28.367,68.79,0.07,0.08,0.06
18:36:28.464,69.64,0.07,0.06,0.08
18:36:28.563,65.07,0.07,0.06,0.07
18:36:28.663,68.21,0.08,0.09,0.07
18:36:28.760,71.14,0.09,0.08,0.11
18:36:28.859,66.93,0.07,0.06,0.07
18:36:28.956,66.71,0.08,0.07,0.09
18:36:29.059,69.21,0.07,0.05,0.09
18:36:29.158,71.50,0.06,0.05,0.06
18:36:29.256,68.36,0.05,0.06,0.05
18:36:29.354,62.50,0.05,0.05,0.05
18:36:29.452,61.64,0.06,0.04,0.08
18:36:29.551,66.29,0.05,0.03,0.08
18:36:29.653,67.86,0.06,0.06,0.07
18:36:29.751,65.71,0.07,0.07,0.07
18:36:29.849,61.57,0.08,0.07,0.09
18:36:29.948,64.43,0.09,0.07,0.10
18:36:30.047,68.57,0.09,0.08,0.10
18:36:30.145,68.86,0.08,0.09,0.07
18:36:30.243,68.71,0.05,0.04,0.06
18:36:30.345,69.07,0.06,0.04,0.07
18:36:30.443,67.07,0.07,0.09,0.05
18:36:30.541,65.71,0.03,0.00,0.05
18:36:30.639,67.71,-0.01,-0.10,0.08
18:36:30.738,66.93,0.03,-0.01,0.06
18:36:30.836,68.64,0.05,0.01,0.09
18:36:30.935,65.57,0.04,0.00,0.08
18:36:31.037,67.07,0.03,0.01,0.05
18:36:31.135,67.00,0.09,0.09,0.10
18:36:31.233,66.50,0.09,0.08,0.09
18:36:31.333,67.64,0.05,0.01,0.09
18:36:31.431,62.36,0.04,-0.02,0.10
18:36:31.528,60.93,0.07,0.02,0.11
18:36:31.627,63.50,0.08,0.05,0.12
18:36:31.729,62.93,0.05,0.03,0.07
18:36:31.827,64.71,0.06,0.03,0.09
18:36:31.926,60.93,0.08,0.06,0.11
18:36:32.025,65.43,0.04,0.00,0.09
18:36:32.123,66.36,0.06,-0.01,0.13
18:36:32.221,67.29,0.04,-0.02,0.11
18:36:32.322,68.07,0.05,0.01,0.09
18:36:32.422,67.86,0.07,0.03,0.11
18:36:32.520,63.86,0.08,0.02,0.14
18:36:32.618,63.57,0.07,0.05,0.09
18:36:32.716,63.36,0.09,0.10,0.08
18:36:32.815,64.79,0.08,0.07,0.09
18:36:32.913,67.71,0.07,0.06,0.08
18:36:33.015,69.64,0.07,0.06,0.07
18:36:33.114,69.86,0.07,0.07,0.07
18:36:33.211,67.36,0.07,0.05,0.09
18:36:33.311,67.07,0.08,0.06,0.10
18:36:33.409,66.93,0.08,0.08,0.07
18:36:33.507,64.57,0.07,0.06,0.08
18:36:33.609,65.79,0.08,0.05,0.11
18:36:33.707,68.71,0.06,0.01,0.11
18:36:33.806,64.50,0.06,-0.00,0.12
18:36:33.904,65.50,0.07,0.02,0.12
18:36:34.003,66.79,0.07,0.05,0.10
18:36:34.101,66.79,0.06,0.03,0.09
18:36:34.199,65.07,0.06,0.05,0.06
18:36:34.302,64.93,0.06,0.06,0.06
18:36:34.400,67.29,0.08,0.07,0.10
18:36:34.497,69.64,0.08,0.07,0.09
18:36:34.596,69.71,0.07,0.03,0.10
18:36:34.695,69.64,0.04,-0.02,0.10
18:36:34.793,67.57,0.03,0.00,0.06
18:36:34.891,68.57,0.07,0.04,0.10
18:36:34.994,69.64,0.05,-0.01,0.11
18:36:35.092,65.50,0.06,0.03,0.09
18:36:35.190,63.64,0.10,0.09,0.11
18:36:35.289,61.93,0.11,0.11,0.12
18:36:35.387,63.71,0.09,0.06,0.12
18:36:35.485,65.86,0.06,0.03,0.09
18:36:35.588,66.71,0.05,0.01,0.09
18:36:35.685,67.36,0.04,0.01,0.06
18:36:35.784,66.14,0.06,0.05,0.07
18:36:35.884,67.86,0.07,0.04,0.10
18:36:35.981,64.43,0.07,0.05,0.09
18:36:36.079,63.79,0.06,0.03,0.08
18:36:36.177,64.93,0.06,0.02,0.10
18:36:36.279,66.64,0.05,0.02,0.09
18:36:36.378,68.57,0.00,-0.08,0.08
18:36:36.476,65.21,0.02,-0.04,0.07
18:36:36.575,66.21,-0.01,-0.10,0.09
18:36:36.673,66.79,0.05,-0.03,0.13
18:36:36.772,62.43,0.05,-0.03,0.13
18:36:36.870,64.57,0.08,0.04,0.13
18:36:36.971,66.43,0.08,0.04,0.12
18:36:37.070,66.29,0.05,0.00,0.10
18:36:37.168,66.86,0.03,-0.03,0.10
18:36:37.267,65.21,0.01,-0.08,0.09
18:36:37.365,67.86,0.01,-0.08,0.10
18:36:37.464,70.00,0.05,-0.03,0.12
18:36:37.565,65.14,0.07,-0.02,0.16
18:36:37.663,65.43,0.05,-0.01,0.11
18:36:37.762,66.50,0.07,0.00,0.13
18:36:37.861,63.57,0.07,0.02,0.11
18:36:37.959,63.29,0.06,0.02,0.10
18:36:38.057,64.14,0.06,0.02,0.10
18:36:38.155,64.64,0.09,0.06,0.12
18:36:38.258,65.36,0.10,0.08,0.12
18:36:38.356,62.79,0.08,0.06,0.10
18:36:38.455,61.36,0.05,0.04,0.07
18:36:38.553,63.29,0.05,0.03,0.07
18:36:38.651,65.86,0.07,0.07,0.08
18:36:38.750,68.29,0.11,0.11,0.11
18:36:38.851,66.29,0.08,0.06,0.10
18:36:38.950,64.79,0.06,0.02,0.09
18:36:39.048,62.43,0.05,0.00,0.09
18:36:39.147,64.00,0.02,-0.05,0.09
18:36:39.245,63.21,0.05,-0.01,0.10
18:36:39.344,63.71,0.03,-0.05,0.10
18:36:39.442,64.00,0.01,-0.07,0.10
18:36:39.544,63.79,0.02,-0.04,0.08
18:36:39.643,65.07,0.05,-0.02,0.12
18:36:39.741,63.64,0.06,0.00,0.11
18:36:39.839,65.64,0.10,0.06,0.13
18:36:39.937,67.43,0.08,0.04,0.11
18:36:40.035,62.79,0.06,0.04,0.07
18:36:40.137,66.43,0.07,0.04,0.10
18:36:40.236,65.43,0.09,0.04,0.14
18:36:40.335,63.64,0.10,0.06,0.13
18:36:40.433,64.14,0.10,0.05,0.14
18:36:40.531,66.57,0.10,0.06,0.14
18:36:40.630,67.07,0.09,0.08,0.10
18:36:40.727,65.79,0.07,0.03,0.11
18:36:40.829,66.93,0.09,0.02,0.16
18:36:40.928,66.29,0.09,0.05,0.13
18:36:41.028,65.29,0.12,0.09,0.15
18:36:41.125,64.71,0.10,0.07,0.13
18:36:41.223,65.43,0.09,0.07,0.11
18:36:41.322,66.57,0.08,0.05,0.12
18:36:41.420,67.86,0.09,0.05,0.13
18:36:41.522,66.79,0.11,0.08,0.13
18:36:41.620,67.36,0.06,-0.00,0.13
18:36:41.719,69.00,0.05,-0.03,0.12
18:36:41.817,65.79,0.06,-0.04,0.16
18:36:41.916,63.36,0.09,0.05,0.12
18:36:42.014,60.00,0.10,0.06,0.13
18:36:42.116,63.64,0.12,0.11,0.14
18:36:42.214,64.50,0.09,0.05,0.13
18:36:42.313,62.93,0.06,-0.01,0.13
18:36:42.410,66.43,0.10,0.05,0.14
18:36:42.509,68.43,0.09,0.07,0.11
18:36:42.607,68.00,0.10,0.09,0.12
18:36:42.706,67.93,0.09,0.08,0.10
18:36:42.807,64.07,0.11,0.11,0.12
18:36:42.907,66.57,0.13,0.13,0.13
18:36:43.005,66.50,0.10,0.08,0.13
18:36:43.103,63.57,0.07,0.02,0.12
18:36:43.202,66.36,0.07,0.04,0.10
18:36:43.300,62.50,0.08,0.05,0.11
18:36:43.402,60.79,0.10,0.07,0.13
18:36:43.500,61.14,0.09,0.03,0.15
18:36:43.599,62.29,0.08,0.04,0.12
18:36:43.697,63.79,0.11,0.07,0.15
18:36:43.796,65.57,0.10,0.02,0.18
18:36:43.894,64.57,0.05,-0.06,0.16
18:36:43.992,61.93,0.06,-0.01,0.14
18:36:44.094,62.71,0.08,-0.01,0.17
18:36:44.192,63.36,0.10,0.04,0.17
18:36:44.291,61.36,0.12,0.06,0.19
18:36:44.389,63.50,0.12,0.07,0.17
18:36:44.488,66.14,0.11,0.06,0.15
18:36:44.586,57.00,0.12,0.09,0.16
18:36:44.688,61.64,0.13,0.09,0.18
18:36:44.786,60.36,0.10,0.04,0.16
18:36:44.885,59.29,0.10,0.03,0.16
18:36:44.983,62.93,0.11,0.05,0.17
18:36:45.082,65.86,0.12,0.07,0.18
18:36:45.180,66.79,0.12,0.06,0.18
18:36:45.278,66.14,0.10,0.03,0.17
18:36:45.380,65.00,0.12,0.08,0.17
18:36:45.478,65.50,0.14,0.08,0.19
18:36:45.577,62.57,0.12,0.08,0.16
18:36:45.676,63.00,0.10,0.09,0.12
18:36:45.774,65.43,0.08,0.04,0.12
18:36:45.872,69.71,0.09,0.02,0.15
18:36:45.973,67.86,0.08,0.01,0.16
18:36:46.073,64.79,0.08,0.02,0.13
18:36:46.171,62.50,0.07,-0.01,0.15
18:36:46.269,66.50,0.10,0.04,0.16
18:36:46.367,65.64,0.11,0.06,0.17
18:36:46.466,66.00,0.09,0.01,0.18
18:36:46.564,62.93,0.12,0.05,0.18
18:36:46.666,63.79,0.10,0.05,0.15
18:36:46.765,64.36,0.07,-0.00,0.15
18:36:46.863,65.00,0.11,0.05,0.17
18:36:46.962,66.86,0.17,0.16,0.17
18:36:47.060,62.93,0.15,0.13,0.18
18:36:47.158,62.57,0.09,0.03,0.15
18:36:47.260,65.36,0.08,-0.01,0.17
18:36:47.358,65.50,0.10,0.03,0.17
18:36:47.457,64.43,0.10,0.04,0.16
18:36:47.555,62.00,0.12,0.08,0.16
18:36:47.653,62.64,0.13,0.10,0.16
18:36:47.751,63.07,0.13,0.08,0.17
18:36:47.850,62.43,0.12,0.10,0.14
18:36:47.953,58.93,0.09,0.09,0.10
18:36:48.051,60.43,0.10,0.11,0.10
18:36:48.149,64.43,0.10,0.10,0.11
18:36:48.247,61.36,0.09,0.06,0.12
18:36:48.345,59.86,0.02,-0.05,0.10
18:36:48.444,63.71,0.06,0.01,0.11
18:36:48.542,61.50,0.06,-0.00,0.13
18:36:48.645,63.79,0.09,0.01,0.17
18:36:48.743,57.29,0.08,0.01,0.15
18:36:48.842,59.57,0.10,0.07,0.14
18:36:48.940,62.07,0.07,0.03,0.10
18:36:49.037,61.57,0.07,0.04,0.11
18:36:49.136,60.14,0.11,0.08,0.14
18:36:49.238,63.93,0.10,0.08,0.11
18:36:49.337,63.79,0.09,0.06,0.12
18:36:49.435,63.79,0.11,0.11,0.11
18:36:49.533,62.79,0.12,0.10,0.14
18:36:49.632,63.21,0.13,0.13,0.13
18:36:49.730,61.57,0.12,0.12,0.12
18:36:49.828,61.07,0.10,0.09,0.12
18:36:49.931,59.43,0.10,0.06,0.14
18:36:50.029,64.07,0.09,0.03,0.14
18:36:50.127,62.86,0.07,0.05,0.09
18:36:50.226,61.07,0.10,0.10,0.10
18:36:50.324,63.71,0.08,0.05,0.11
18:36:50.422,61.86,0.07,0.04,0.10
18:36:50.525,62.93,0.10,0.06,0.13
18:36:50.623,62.14,0.05,-0.03,0.12
18:36:50.721,65.93,0.02,-0.04,0.09
18:36:50.819,66.36,0.02,-0.02,0.06
18:36:50.918,64.43,0.06,0.04,0.09
18:36:51.016,64.00,0.06,0.04,0.08
18:36:51.114,62.00,0.07,0.09,0.05
18:36:51.217,63.29,0.07,0.07,0.06
18:36:51.315,58.93,0.06,0.04,0.09
18:36:51.413,61.71,0.07,0.05,0.09
18:36:51.511,65.93,0.05,0.02,0.09
18:36:51.610,65.00,0.07,0.05,0.10
18:36:51.708,65.86,0.07,0.06,0.09
18:36:51.811,66.71,0.07,0.07,0.08
18:36:51.909,62.71,0.08,0.07,0.10
18:36:52.007,59.50,0.09,0.07,0.10
18:36:52.105,61.29,0.08,0.08,0.08
18:36:52.204,58.57,0.05,0.04,0.07
18:36:52.302,60.57,0.07,0.05,0.09
18:36:52.400,61.93,0.11,0.08,0.14
18:36:52.503,65.43,0.07,0.04,0.10
18:36:52.601,67.50,0.10,0.09,0.12
18:36:52.700,62.00,0.08,0.04,0.12
18:36:52.797,59.43,0.05,0.01,0.08
18:36:52.896,61.43,0.02,-0.05,0.08
18:36:52.995,62.07,0.04,-0.01,0.09
18:36:53.096,62.93,0.05,-0.01,0.12
18:36:53.194,61.14,0.04,0.03,0.06
18:36:53.294,58.93,0.06,0.04,0.09
18:36:53.392,63.43,0.09,0.08,0.11
18:36:53.490,63.64,0.10,0.11,0.08
18:36:53.588,63.64,0.09,0.10,0.09
18:36:53.687,64.57,0.06,0.07,0.06
18:36:53.789,61.57,0.04,0.05,0.03
18:36:53.887,64.64,0.03,-0.04,0.11
18:36:53.985,64.07,0.05,-0.03,0.14
18:36:54.083,59.93,0.05,-0.03,0.14
18:36:54.182,61.36,0.07,0.00,0.14
18:36:54.280,60.93,0.06,0.01,0.10
18:36:54.378,61.43,0.05,0.01,0.10
18:36:54.481,63.79,0.06,0.05,0.07
18:36:54.579,63.00,0.09,0.10,0.09
18:36:54.678,63.29,0.09,0.07,0.11
18:36:54.777,61.29,0.07,0.03,0.11
18:36:54.874,60.57,0.07,0.04,0.10
18:36:54.973,62.36,0.08,0.05,0.12
18:36:55.075,62.36,0.02,-0.04,0.09
18:36:55.173,62.86,0.05,-0.00,0.10
18:36:55.272,62.64,0.04,0.00,0.09
18:36:55.370,58.64,0.07,0.07,0.07
18:36:55.468,60.43,0.10,0.11,0.10
18:36:55.567,60.36,0.10,0.10,0.10
18:36:55.665,63.36,0.08,0.09,0.06
18:36:55.767,62.50,0.07,0.07,0.07
18:36:55.866,61.79,0.07,0.06,0.08
18:36:55.964,58.93,0.06,0.05,0.06
18:36:56.063,60.00,0.07,0.06,0.09
18:36:56.160,58.93,0.09,0.07,0.10
18:36:56.259,60.86,0.10,0.09,0.11
18:36:56.361,59.79,0.09,0.07,0.12
18:36:56.459,63.64,0.10,0.08,0.12
18:36:56.557,61.00,0.10,0.09,0.11
18:36:56.656,59.14,0.11,0.11,0.12
18:36:56.755,57.79,0.07,0.07,0.07
18:36:56.852,56.86,0.09,0.05,0.12
18:36:56.951,59.79,0.09,0.07,0.11
18:36:57.053,58.64,0.10,0.09,0.11
18:36:57.151,62.07,0.08,0.06,0.11
18:36:57.249,62.14,0.07,0.04,0.11
18:36:57.348,60.93,0.02,-0.05,0.08
18:36:57.447,61.21,0.02,-0.04,0.08
18:36:57.545,61.14,0.00,-0.08,0.08
18:36:57.644,62.36,0.08,0.07,0.09
18:36:57.745,59.29,0.09,0.08,0.11
18:36:57.843,61.07,0.10,0.10,0.10
18:36:57.942,57.79,0.08,0.08,0.08
18:36:58.040,56.43,0.08,0.07,0.08
18:36:58.140,61.79,0.08,0.05,0.11
18:36:58.237,65.00,0.09,0.04,0.14
18:36:58.339,63.86,0.08,0.03,0.13
18:36:58.437,60.64,0.08,0.02,0.14
18:36:58.536,58.36,0.08,0.06,0.10
18:36:58.634,58.29,0.09,0.08,0.09
18:36:58.732,62.21,0.10,0.08,0.12
18:36:58.831,58.79,0.10,0.10,0.09
18:36:58.929,61.14,0.09,0.08,0.10
18:36:59.031,60.79,0.07,0.04,0.09
18:36:59.129,57.57,0.06,0.04,0.08
18:36:59.227,57.00,0.07,0.08,0.06
18:36:59.327,60.71,0.08,0.08,0.08
18:36:59.425,61.71,0.08,0.08,0.09
18:36:59.523,61.14,0.05,0.03,0.08
18:36:59.625,60.93,0.05,-0.02,0.11
18:36:59.724,59.64,0.05,-0.00,0.11
18:36:59.822,58.07,0.06,0.00,0.11
18:36:59.920,61.43,0.08,0.05,0.11
18:37:00.018,63.86,0.07,0.05,0.10
18:37:00.117,63.21,0.10,0.07,0.13
18:37:00.215,61.07,0.06,0.03,0.10
18:37:00.317,62.79,0.07,0.06,0.07
18:37:00.415,63.36,0.08,0.10,0.05
18:37:00.514,62.79,0.09,0.10,0.08
18:37:00.613,62.50,0.10,0.06,0.14
18:37:00.711,63.29,0.08,0.03,0.14
18:37:00.809,65.50,0.08,0.03,0.13
18:37:00.907,64.00,0.10,0.07,0.14
18:37:01.009,60.29,0.09,0.08,0.10
18:37:01.108,62.07,0.10,0.06,0.13
18:37:01.206,61.43,0.10,0.06,0.14
18:37:01.304,60.86,0.12,0.08,0.16
18:37:01.403,63.29,0.07,0.02,0.13
18:37:01.501,59.29,0.08,0.05,0.11
18:37:01.604,61.29,0.11,0.09,0.13
18:37:01.701,61.21,0.13,0.10,0.16
18:37:01.800,65.93,0.09,0.03,0.15
18:37:01.898,63.00,0.09,0.00,0.17
18:37:01.997,59.71,0.06,-0.05,0.16
18:37:02.095,63.07,0.09,0.03,0.15
18:37:02.194,61.36,0.10,0.05,0.14
18:37:02.296,60.57,0.09,0.04,0.14
18:37:02.394,59.79,0.11,0.05,0.16
18:37:02.492,61.64,0.10,0.05,0.15
18:37:02.591,61.07,0.11,0.07,0.14
18:37:02.689,60.86,0.12,0.09,0.15
18:37:02.787,60.43,0.11,0.07,0.14
18:37:02.885,62.57,0.16,0.15,0.17
18:37:02.988,61.00,0.19,0.22,0.17
18:37:03.086,63.64,0.12,0.07,0.18
18:37:03.185,62.29,0.09,0.03,0.15
18:37:03.283,65.57,0.09,0.02,0.16
18:37:03.382,64.14,0.10,0.04,0.16
18:37:03.479,59.00,0.10,0.04,0.16
18:37:03.582,60.57,0.09,0.03,0.15
18:37:03.680,56.79,0.09,0.03,0.16
18:37:03.779,60.86,0.08,0.03,0.13
18:37:03.877,64.57,0.09,0.02,0.15
18:37:03.975,64.21,0.09,0.00,0.18
18:37:04.074,61.71,0.08,-0.05,0.20
18:37:04.172,62.86,0.08,-0.02,0.17
18:37:04.274,67.07,0.08,-0.03,0.18
18:37:04.372,66.50,0.14,0.08,0.21
18:37:04.470,62.00,0.10,0.06,0.15
18:37:04.569,59.93,0.15,0.14,0.17
18:37:04.667,59.43,0.14,0.11,0.16
18:37:04.765,58.14,0.09,0.04,0.13
18:37:04.864,60.79,0.07,0.02,0.12
18:37:04.966,64.57,0.09,0.07,0.12
18:37:05.063,61.29,0.10,0.07,0.13
18:37:05.163,62.86,0.10,0.05,0.16
18:37:05.262,61.50,0.11,0.07,0.16
18:37:05.360,62.57,0.14,0.12,0.17
18:37:05.457,59.50,0.13,0.12,0.15
18:37:05.560,63.79,0.11,0.08,0.14
18:37:05.658,63.21,0.08,0.02,0.14
18:37:05.757,56.07,0.09,0.03,0.15
18:37:05.855,57.57,0.11,0.07,0.16
18:37:05.953,58.29,0.12,0.06,0.18
18:37:06.052,59.43,0.13,0.08,0.19
18:37:06.150,59.14,0.13,0.06,0.20
18:37:06.252,60.00,0.13,0.06,0.20
18:37:06.351,58.93,0.11,-0.01,0.22
18:37:06.449,60.93,0.10,-0.01,0.20
18:37:06.547,59.00,0.11,0.01,0.20
18:37:06.645,57.57,0.12,0.07,0.17
18:37:06.744,60.00,0.12,0.07,0.17
18:37:06.842,61.07,0.12,0.06,0.18
18:37:06.944,62.36,0.13,0.04,0.21
18:37:07.043,61.43,0.12,0.05,0.20
18:37:07.140,59.29,0.15,0.11,0.18
18:37:07.240,59.21,0.12,0.07,0.17
18:37:07.338,60.29,0.10,0.04,0.16
18:37:07.436,58.79,0.12,0.05,0.19
18:37:07.537,57.86,0.12,0.05,0.20
18:37:07.635,59.43,0.13,0.06,0.21
18:37:07.735,61.00,0.15,0.09,0.21
18:37:07.833,59.64,0.15,0.09,0.20
18:37:07.932,60.57,0.14,0.08,0.19
18:37:08.030,60.14,0.14,0.11,0.17
18:37:08.128,59.93,0.13,0.07,0.18
18:37:08.231,58.86,0.13,0.08,0.18
18:37:08.329,57.93,0.12,0.08,0.17
18:37:08.427,62.57,0.11,0.03,0.18
18:37:08.526,64.64,0.08,-0.04,0.19
18:37:08.624,62.79,0.08,-0.01,0.18
18:37:08.723,62.64,0.09,0.00,0.18
18:37:08.820,62.00,0.14,0.09,0.19
18:37:08.923,60.64,0.11,0.06,0.17
18:37:09.021,59.29,0.11,0.04,0.17
18:37:09.119,64.07,0.09,0.01,0.17
18:37:09.218,61.79,0.12,0.06,0.19
18:37:09.315,61.07,0.15,0.11,0.19
18:37:09.414,60.36,0.11,0.09,0.13
18:37:09.516,60.43,0.11,0.09,0.13
18:37:09.615,63.00,0.12,0.09,0.15
18:37:09.713,59.50,0.14,0.11,0.17
18:37:09.811,61.14,0.14,0.12,0.16
18:37:09.909,61.50,0.14,0.09,0.18
18:37:10.008,61.21,0.13,0.09,0.17
18:37:10.106,61.00,0.14,0.11,0.17
18:37:10.208,62.86,0.14,0.13,0.15
18:37:10.307,58.79,0.10,0.09,0.11
18:37:10.405,57.21,0.11,0.08,0.14
18:37:10.503,61.93,0.11,0.09,0.14
18:37:10.602,60.57,0.11,0.08,0.14
18:37:10.701,58.93,0.10,0.04,0.16
18:37:10.798,58.50,0.05,-0.07,0.18
18:37:10.901,56.29,0.06,-0.03,0.16
18:37:10.999,58.50,0.12,0.03,0.20
18:37:11.097,60.57,0.14,0.09,0.18
18:37:11.196,60.86,0.12,0.07,0.17
18:37:11.293,59.07,0.11,0.06,0.15
18:37:11.394,58.79,0.10,0.06,0.14
18:37:11.495,60.07,0.07,0.00,0.14
18:37:11.593,60.57,0.12,0.05,0.20
18:37:11.692,62.64,0.15,0.11,0.19
18:37:11.789,63.21,0.14,0.11,0.16
18:37:11.888,62.57,0.10,0.08,0.13
18:37:11.986,62.43,0.13,0.09,0.16
18:37:12.085,60.71,0.13,0.09,0.17
18:37:12.186,60.57,0.12,0.08,0.16
18:37:12.285,59.14,0.10,0.01,0.19
18:37:12.384,60.86,0.09,0.01,0.17
18:37:12.482,58.71,0.10,0.04,0.16
18:37:12.581,60.14,0.15,0.10,0.20
18:37:12.678,60.57,0.15,0.14,0.16
18:37:12.777,58.93,0.13,0.11,0.15
18:37:12.879,61.79,0.12,0.08,0.15
18:37:12.978,58.50,0.11,0.08,0.15
18:37:13.076,61.79,0.12,0.09,0.14
18:37:13.174,58.79,0.10,0.04,0.16
18:37:13.272,59.43,0.10,0.06,0.14
18:37:13.370,62.21,0.10,0.08,0.13
18:37:13.473,63.07,0.11,0.07,0.16
18:37:13.571,62.07,0.10,0.06,0.13
18:37:13.669,61.00,0.09,0.04,0.15
18:37:13.768,62.86,0.11,0.07,0.15
18:37:13.866,60.64,0.12,0.10,0.15
18:37:13.965,60.00,0.13,0.07,0.19
18:37:14.066,60.71,0.11,0.06,0.17
18:37:14.165,63.29,0.10,0.06,0.13
18:37:14.263,60.86,0.10,0.03,0.17
18:37:14.362,58.14,0.08,0.04,0.13
18:37:14.460,60.36,0.09,0.03,0.15
18:37:14.557,57.43,0.10,0.04,0.16
18:37:14.657,60.00,0.10,0.07,0.13
18:37:14.759,59.93,0.10,0.04,0.16
18:37:14.857,57.07,0.13,0.06,0.19
18:37:14.956,55.36,0.11,0.06,0.17
18:37:15.055,59.79,0.12,0.06,0.17
18:37:15.153,59.29,0.12,0.06,0.18
18:37:15.250,59.50,0.10,0.05,0.15
18:37:15.353,60.00,0.10,0.06,0.14
18:37:15.451,59.36,0.12,0.09,0.14
18:37:15.549,57.50,0.11,0.09,0.14
18:37:15.648,60.64,0.09,0.07,0.11
18:37:15.746,61.57,0.09,0.07,0.12
18:37:15.844,58.71,0.05,0.00,0.10
18:37:15.943,61.50,0.07,0.03,0.11
18:37:16.045,63.64,0.09,0.06,0.12
18:37:16.143,59.43,0.10,0.08,0.12
18:37:16.241,61.14,0.08,0.06,0.10
18:37:16.341,61.79,0.09,0.06,0.13
18:37:16.438,61.79,0.11,0.08,0.13
18:37:16.537,62.21,0.08,0.03,0.13
18:37:16.639,60.07,0.13,0.09,0.17
18:37:16.737,56.21,0.09,0.04,0.14
18:37:16.835,60.57,0.09,0.08,0.11
18:37:16.934,64.50,0.11,0.10,0.12
18:37:17.032,62.07,0.14,0.16,0.12
18:37:17.131,59.71,0.13,0.13,0.12
18:37:17.229,58.43,0.12,0.08,0.16
18:37:17.330,57.93,0.11,0.08,0.14
18:37:17.429,58.14,0.12,0.12,0.12
18:37:17.527,56.43,0.12,0.11,0.14
18:37:17.626,57.21,0.10,0.07,0.13
18:37:17.725,59.64,0.10,0.06,0.14
18:37:17.823,61.36,0.11,0.08,0.14
18:37:17.925,59.36,0.14,0.13,0.16
18:37:18.023,57.57,0.14,0.16,0.11
18:37:18.121,56.71,0.12,0.13,0.11
18:37:18.220,58.64,0.09,0.08,0.11
18:37:18.318,56.29,0.09,0.05,0.13
18:37:18.416,57.50,0.13,0.11,0.15
18:37:18.515,59.21,0.10,0.06,0.13
18:37:18.617,60.93,0.08,0.06,0.10
18:37:18.716,58.71,0.06,0.03,0.10
18:37:18.813,57.79,0.07,0.06,0.08
18:37:18.913,58.79,0.09,0.12,0.07
18:37:19.010,55.79,0.09,0.08,0.10
18:37:19.108,54.43,0.10,0.09,0.11
18:37:19.211,54.21,0.09,0.08,0.10
18:37:19.310,54.64,0.09,0.07,0.12
18:37:19.409,57.64,0.08,0.09,0.08
18:37:19.505,60.50,0.10,0.12,0.07
18:37:19.604,58.93,0.10,0.10,0.09
18:37:19.703,55.86,0.11,0.11,0.11
18:37:19.801,59.93,0.10,0.09,0.10
18:37:19.903,59.21,0.07,0.03,0.10
18:37:20.001,57.29,0.10,0.06,0.14
18:37:20.100,55.79,0.13,0.14,0.12
18:37:20.198,56.71,0.12,0.14,0.10
18:37:20.296,61.07,0.11,0.10,0.12
18:37:20.395,59.50,0.11,0.13,0.10
18:37:20.497,58.21,0.12,0.14,0.10
18:37:20.596,55.79,0.13,0.15,0.10
18:37:20.694,57.00,0.10,0.10,0.11
18:37:20.792,58.14,0.10,0.09,0.10
18:37:20.890,57.71,0.10,0.09,0.11
18:37:20.988,57.00,0.10,0.09,0.12
18:37:21.087,57.29,0.11,0.11,0.12
18:37:21.190,59.50,0.13,0.13,0.13
18:37:21.288,59.29,0.13,0.11,0.15
18:37:21.386,57.57,0.13,0.12,0.14
18:37:21.484,57.36,0.10,0.08,0.12
18:37:21.583,55.71,0.05,0.02,0.09
18:37:21.681,56.93,0.06,0.07,0.05
18:37:21.783,61.21,0.07,0.05,0.09
18:37:21.882,61.07,0.05,0.01,0.10
18:37:21.980,58.57,0.07,0.06,0.09
18:37:22.078,59.21,0.09,0.09,0.09
18:37:22.177,61.07,0.10,0.10,0.10
18:37:22.274,59.50,0.11,0.07,0.14
18:37:22.374,61.50,0.10,0.06,0.13
18:37:22.476,54.57,0.08,0.03,0.12
18:37:22.574,55.36,0.05,-0.01,0.12
18:37:22.673,56.79,0.05,-0.02,0.12
18:37:22.771,54.07,0.07,0.00,0.14
18:37:22.869,56.64,0.06,0.05,0.08
18:37:22.967,57.93,0.08,0.11,0.05
18:37:23.069,62.71,0.08,0.06,0.09
18:37:23.168,60.14,0.07,0.04,0.10
18:37:23.266,56.29,0.07,0.07,0.08
18:37:23.364,56.07,0.08,0.06,0.10
18:37:23.463,56.50,0.06,0.02,0.10
18:37:23.561,58.64,0.06,0.03,0.09
18:37:23.663,57.00,0.06,0.03,0.10
18:37:23.761,56.86,0.06,0.02,0.10
18:37:23.860,53.79,0.07,0.03,0.11
18:37:23.958,58.71,0.06,0.02,0.11
18:37:24.056,58.86,0.06,0.02,0.11
18:37:24.155,58.00,0.05,0.02,0.08
18:37:24.253,57.14,0.09,0.02,0.16
18:37:24.355,55.21,0.06,0.04,0.09
18:37:24.454,53.36,0.04,0.02,0.07
18:37:24.552,56.07,0.05,0.02,0.09
18:37:24.650,53.43,0.07,0.06,0.08
18:37:24.749,56.21,0.10,0.09,0.11
18:37:24.848,58.64,0.08,0.01,0.14
18:37:24.949,58.43,0.07,0.01,0.14
18:37:25.047,57.71,0.08,0.04,0.12
18:37:25.146,56.79,0.11,0.09,0.12
18:37:25.245,53.57,0.08,0.08,0.08
18:37:25.343,56.50,0.08,0.08,0.08
18:37:25.441,57.00,0.09,0.05,0.13
18:37:25.540,60.00,0.07,0.01,0.12
18:37:25.641,58.86,0.07,0.03,0.11
18:37:25.740,55.86,0.10,0.09,0.11
18:37:25.838,55.29,0.10,0.08,0.12
18:37:25.936,59.43,0.10,0.07,0.13
18:37:26.034,60.71,0.09,0.06,0.12
18:37:26.133,59.57,0.07,0.03,0.10
18:37:26.236,61.57,0.06,-0.01,0.13
18:37:26.334,59.29,0.05,-0.04,0.14
18:37:26.432,55.57,0.06,0.02,0.11
18:37:26.530,58.43,0.07,0.00,0.13
18:37:26.629,58.07,0.04,-0.05,0.13
18:37:26.727,52.93,0.03,-0.07,0.13
18:37:26.825,56.64,0.09,0.04,0.13
18:37:26.927,58.57,0.06,0.02,0.09
18:37:27.026,54.43,0.06,0.03,0.08
18:37:27.124,56.86,0.10,0.06,0.14
18:37:27.223,60.00,0.12,0.10,0.15
18:37:27.321,61.00,0.11,0.07,0.14
18:37:27.419,59.64,0.07,0.05,0.09
18:37:27.522,52.21,0.09,0.07,0.10
18:37:27.620,51.14,0.08,0.06,0.10
18:37:27.718,55.43,0.06,0.05,0.08
18:37:27.817,58.43,0.09,0.08,0.09
18:37:27.914,56.71,0.11,0.10,0.12
18:37:28.013,56.93,0.10,0.08,0.11
18:37:28.112,53.14,0.10,0.08,0.13
18:37:28.214,53.79,0.10,0.07,0.12
18:37:28.311,52.86,0.07,0.05,0.09
18:37:28.411,52.36,0.06,0.06,0.07
18:37:28.508,61.14,0.08,0.04,0.11
18:37:28.607,61.29,0.05,-0.01,0.11
18:37:28.705,56.21,0.02,-0.06,0.10
18:37:28.807,56.07,0.05,-0.01,0.10
18:37:28.906,55.50,0.10,0.07,0.12
18:37:29.004,57.14,0.07,0.04,0.10
18:37:29.102,57.43,0.05,0.02,0.09
18:37:29.201,56.57,0.06,0.05,0.08
18:37:29.299,59.64,0.05,0.03,0.06
18:37:29.401,53.93,0.01,-0.04,0.06
18:37:29.500,54.14,0.07,0.03,0.10
18:37:29.598,56.00,0.07,0.03,0.10
18:37:29.696,58.00,0.06,0.01,0.10
18:37:29.795,57.93,0.10,0.07,0.13
18:37:29.893,54.57,0.09,0.06,0.12
18:37:29.992,54.36,0.10,0.07,0.13
18:37:30.094,54.00,0.08,0.08,0.08
18:37:30.192,56.00,0.09,0.10,0.09
18:37:30.290,57.36,0.08,0.07,0.10
18:37:30.388,54.93,0.07,0.02,0.11
18:37:30.487,54.71,0.08,0.05,0.11
18:37:30.585,54.29,0.09,0.09,0.09
18:37:30.683,55.00,0.11,0.11,0.12
18:37:30.786,54.00,0.08,0.07,0.09
18:37:30.884,54.86,0.09,0.07,0.10
18:37:30.982,56.14,0.10,0.06,0.13
18:37:31.080,55.14,0.08,0.06,0.11
18:37:31.179,58.43,0.10,0.08,0.11
18:37:31.277,55.86,0.09,0.08,0.10
18:37:31.380,58.50,0.11,0.08,0.13
18:37:31.477,58.14,0.10,0.08,0.11
18:37:31.576,55.50,0.10,0.07,0.12
18:37:31.674,56.57,0.07,0.01,0.13
18:37:31.773,58.07,0.09,0.05,0.13
18:37:31.871,54.79,0.08,0.06,0.11
18:37:31.974,54.86,0.09,0.07,0.11
18:37:32.071,55.50,0.10,0.10,0.09
18:37:32.170,55.86,0.09,0.10,0.08
18:37:32.268,52.93,0.12,0.11,0.12
18:37:32.367,54.86,0.12,0.08,0.17
18:37:32.465,57.00,0.13,0.07,0.19
18:37:32.564,54.50,0.14,0.10,0.18
18:37:32.665,51.43,0.10,0.09,0.11
18:37:32.763,51.36,0.11,0.09,0.13
18:37:32.863,53.71,0.14,0.15,0.13
18:37:32.961,54.29,0.12,0.13,0.10
18:37:33.059,52.79,0.12,0.14,0.11
18:37:33.157,54.79,0.11,0.11,0.12
18:37:33.259,59.07,0.10,0.09,0.11
18:37:33.357,58.64,0.10,0.08,0.12
18:37:33.456,59.21,0.10,0.07,0.14
18:37:33.555,55.07,0.09,0.04,0.14
18:37:33.653,51.21,0.10,0.06,0.14
18:37:33.751,52.93,0.11,0.09,0.13
18:37:33.853,52.43,0.12,0.11,0.14
18:37:33.951,55.21,0.15,0.16,0.15
18:37:34.050,59.29,0.12,0.12,0.12
18:37:34.148,57.43,0.11,0.10,0.13
18:37:34.247,57.29,0.12,0.10,0.14
18:37:34.345,59.64,0.09,0.05,0.13
18:37:34.444,56.64,0.08,0.05,0.12
18:37:34.546,55.71,0.09,0.08,0.10
18:37:34.644,54.79,0.12,0.10,0.14
18:37:34.742,60.64,0.15,0.13,0.17
18:37:34.841,60.71,0.11,0.11,0.12
18:37:34.939,57.29,0.12,0.08,0.16
18:37:35.037,56.50,0.13,0.09,0.17
18:37:35.139,55.86,0.11,0.10,0.13
18:37:35.238,57.57,0.14,0.12,0.16
18:37:35.336,55.79,0.13,0.12,0.14
18:37:35.434,57.07,0.13,0.12,0.14
18:37:35.533,62.00,0.14,0.15,0.13
18:37:35.632,60.00,0.14,0.15,0.12
18:37:35.733,56.79,0.14,0.17,0.11
18:37:35.832,51.00,0.13,0.14,0.13
18:37:35.930,51.86,0.12,0.10,0.14
18:37:36.028,51.00,0.13,0.10,0.15
18:37:36.127,52.79,0.14,0.14,0.14
18:37:36.225,55.29,0.15,0.16,0.13
18:37:36.323,52.93,0.14,0.14,0.14
18:37:36.425,52.29,0.13,0.14,0.12
18:37:36.524,53.36,0.12,0.13,0.11
18:37:36.622,52.14,0.11,0.07,0.15
18:37:36.720,52.93,0.13,0.10,0.15
18:37:36.819,52.00,0.12,0.13,0.11
18:37:36.918,51.29,0.13,0.13,0.13
18:37:37.020,53.36,0.14,0.14,0.15
18:37:37.118,51.93,0.12,0.14,0.11
18:37:37.216,56.43,0.14,0.16,0.12
18:37:37.314,55.79,0.13,0.13,0.13
18:37:37.413,52.00,0.11,0.09,0.13
18:37:37.511,52.86,0.12,0.07,0.17
18:37:37.610,52.71,0.13,0.07,0.18
18:37:37.711,55.93,0.12,0.10,0.14
18:37:37.810,55.71,0.13,0.12,0.13
18:37:37.908,54.14,0.14,0.15,0.12
18:37:38.007,52.71,0.12,0.12,0.11
18:37:38.105,56.50,0.12,0.12,0.12
18:37:38.203,51.64,0.14,0.13,0.14
18:37:38.305,54.14,0.09,0.09,0.09
18:37:38.404,53.21,0.12,0.13,0.12
18:37:38.502,55.14,0.11,0.10,0.12
18:37:38.601,56.14,0.11,0.11,0.11
18:37:38.699,55.14,0.11,0.08,0.13
18:37:38.797,56.43,0.11,0.07,0.15
18:37:38.899,54.57,0.15,0.11,0.18
18:37:38.997,53.93,0.13,0.07,0.19
18:37:39.096,53.64,0.08,0.04,0.12
18:37:39.194,58.00,0.09,0.07,0.11
18:37:39.293,54.86,0.11,0.09,0.12
18:37:39.391,53.29,0.11,0.11,0.11
18:37:39.490,53.50,0.11,0.09,0.13
18:37:39.592,52.57,0.11,0.07,0.16
18:37:39.690,50.50,0.18,0.17,0.18
18:37:39.788,47.71,0.12,0.15,0.10
18:37:39.887,49.36,0.12,0.17,0.08
18:37:39.985,52.64,0.12,0.14,0.10
18:37:40.083,54.57,0.13,0.13,0.12
18:37:40.185,53.14,0.16,0.19,0.13
18:37:40.284,50.36,0.13,0.16,0.11
18:37:40.382,55.50,0.12,0.12,0.12
18:37:40.480,57.21,0.11,0.12,0.10
18:37:40.579,53.21,0.14,0.16,0.13
18:37:40.677,51.93,0.15,0.16,0.14
18:37:40.775,53.79,0.14,0.17,0.11
18:37:40.878,54.79,0.13,0.16,0.11
18:37:40.976,55.93,0.13,0.16,0.11
18:37:41.074,57.64,0.16,0.19,0.13
18:37:41.173,54.07,0.15,0.18,0.12
18:37:41.271,53.71,0.16,0.17,0.15
18:37:41.369,55.14,0.17,0.19,0.15
18:37:41.472,55.50,0.17,0.20,0.14
18:37:41.569,54.64,0.15,0.16,0.13
18:37:41.668,51.50,0.13,0.16,0.11
18:37:41.767,56.14,0.10,0.10,0.09
18:37:41.865,57.21,0.10,0.10,0.10
18:37:41.963,51.43,0.14,0.16,0.11
18:37:42.061,51.79,0.14,0.15,0.13
18:37:42.163,52.21,0.15,0.17,0.12
18:37:42.261,50.64,0.12,0.13,0.11
18:37:42.361,50.64,0.06,0.02,0.10
18:37:42.459,47.86,0.08,0.02,0.14
18:37:42.557,47.50,0.10,0.07,0.12
18:37:42.655,50.07,0.15,0.13,0.17
18:37:42.758,51.50,0.13,0.12,0.15
18:37:42.856,53.71,0.15,0.16,0.14
18:37:42.954,55.86,0.18,0.19,0.17
18:37:43.052,53.07,0.14,0.13,0.15
18:37:43.151,56.21,0.10,0.09,0.11
18:37:43.249,54.21,0.11,0.11,0.11
18:37:43.347,52.14,0.15,0.16,0.14
18:37:43.449,54.00,0.14,0.17,0.11
18:37:43.547,52.50,0.15,0.19,0.10
18:37:43.646,55.07,0.14,0.16,0.12
18:37:43.745,52.50,0.15,0.19,0.12
18:37:43.843,53.14,0.15,0.18,0.12
18:37:43.942,51.64,0.15,0.19,0.11
18:37:44.043,55.86,0.15,0.14,0.16
18:37:44.142,55.64,0.15,0.13,0.17
18:37:44.240,49.79,0.17,0.15,0.20
18:37:44.338,52.79,0.19,0.15,0.22
18:37:44.437,53.29,0.16,0.14,0.17
18:37:44.536,54.93,0.16,0.16,0.16
18:37:44.634,51.43,0.18,0.19,0.17
18:37:44.735,53.71,0.17,0.19,0.16
18:37:44.834,51.29,0.15,0.15,0.16
18:37:44.933,51.07,0.15,0.15,0.16
18:37:45.032,53.86,0.15,0.13,0.17
18:37:45.129,53.50,0.13,0.10,0.16
18:37:45.227,53.93,0.15,0.17,0.13
18:37:45.329,56.71,0.13,0.15,0.11
18:37:45.428,55.71,0.18,0.19,0.17
18:37:45.526,51.29,0.16,0.17,0.16
18:37:45.625,49.64,0.15,0.18,0.12
18:37:45.723,53.57,0.14,0.14,0.14
18:37:45.821,53.71,0.14,0.13,0.16
18:37:45.919,52.79,0.15,0.14,0.16
18:37:46.021,54.57,0.13,0.12,0.13
18:37:46.120,55.29,0.12,0.14,0.09
18:37:46.219,52.71,0.13,0.15,0.11
18:37:46.317,56.14,0.15,0.17,0.13
18:37:46.415,54.43,0.15,0.15,0.15
18:37:46.514,53.64,0.14,0.13,0.14
18:37:46.616,52.21,0.16,0.14,0.17
18:37:46.714,49.64,0.16,0.17,0.16
18:37:46.811,50.64,0.11,0.09,0.14
18:37:46.911,48.79,0.11,0.09,0.13
18:37:47.009,50.71,0.13,0.13,0.13
18:37:47.107,53.07,0.13,0.12,0.15
18:37:47.206,52.36,0.11,0.09,0.14
18:37:47.308,50.21,0.11,0.09,0.14
18:37:47.406,50.64,0.12,0.10,0.15
18:37:47.505,50.86,0.11,0.07,0.14
18:37:47.603,50.14,0.13,0.11,0.14
18:37:47.701,46.21,0.12,0.12,0.11
18:37:47.799,45.93,0.14,0.15,0.12
18:37:47.901,51.07,0.14,0.14,0.15
18:37:48.000,54.57,0.12,0.10,0.13
18:37:48.098,46.43,0.10,0.11,0.10
18:37:48.197,50.21,0.10,0.09,0.11
18:37:48.295,54.21,0.11,0.07,0.15
18:37:48.394,54.07,0.11,0.09,0.12
18:37:48.491,50.29,0.11,0.10,0.12
18:37:48.594,50.00,0.12,0.12,0.11
18:37:48.692,52.71,0.12,0.12,0.11
18:37:48.790,55.79,0.12,0.12,0.12
18:37:48.889,54.29,0.12,0.12,0.11
18:37:48.987,51.29,0.12,0.12,0.12
18:37:49.085,51.29,0.13,0.12,0.14
18:37:49.187,50.64,0.13,0.14,0.12
18:37:49.286,50.29,0.12,0.14,0.11
18:37:49.384,53.21,0.13,0.17,0.10
18:37:49.483,55.14,0.13,0.15,0.11
18:37:49.581,54.43,0.14,0.14,0.14
18:37:49.679,53.50,0.14,0.17,0.11
18:37:49.782,50.36,0.16,0.20,0.13
18:37:49.880,52.29,0.15,0.16,0.14
18:37:49.978,52.57,0.13,0.09,0.17
18:37:50.077,49.93,0.12,0.07,0.17
18:37:50.175,49.07,0.11,0.12,0.10
18:37:50.274,48.86,0.14,0.19,0.08
18:37:50.371,45.71,0.13,0.16,0.09
18:37:50.474,45.93,0.15,0.15,0.14
18:37:50.572,50.21,0.15,0.16,0.14
18:37:50.670,50.50,0.15,0.18,0.13
18:37:50.769,48.57,0.13,0.11,0.14
18:37:50.867,50.00,0.10,0.09,0.12
18:37:50.966,47.71,0.12,0.14,0.10
18:37:51.068,46.43,0.12,0.13,0.11
18:37:51.166,48.79,0.13,0.13,0.13
18:37:51.265,50.21,0.12,0.14,0.10
18:37:51.363,53.14,0.12,0.13,0.10
18:37:51.461,50.29,0.11,0.13,0.10
18:37:51.560,50.86,0.11,0.11,0.11
18:37:51.658,51.57,0.12,0.09,0.15
18:37:51.759,50.50,0.10,0.07,0.13
18:37:51.858,49.64,0.10,0.08,0.12
18:37:51.957,49.57,0.11,0.10,0.12
18:37:52.057,50.79,0.13,0.12,0.15
18:37:52.154,51.07,0.13,0.14,0.12
18:37:52.251,52.64,0.12,0.13,0.11
18:37:52.353,53.93,0.10,0.11,0.08
18:37:52.452,53.86,0.10,0.11,0.09
18:37:52.551,51.29,0.08,0.09,0.08
18:37:52.649,49.43,0.10,0.11,0.09
18:37:52.747,49.07,0.11,0.12,0.11
18:37:52.845,53.29,0.13,0.15,0.10
18:37:52.948,53.21,0.11,0.12,0.10
18:37:53.046,52.86,0.12,0.14,0.10
18:37:53.144,52.14,0.11,0.14,0.09
18:37:53.243,52.21,0.13,0.13,0.14
18:37:53.341,48.79,0.12,0.12,0.12
18:37:53.439,53.07,0.10,0.11,0.10
18:37:53.537,54.43,0.10,0.10,0.11
18:37:53.640,52.50,0.12,0.10,0.13
18:37:53.738,54.57,0.12,0.12,0.12
18:37:53.837,50.86,0.11,0.12,0.10
18:37:53.935,53.36,0.12,0.10,0.13
18:37:54.034,51.14,0.09,0.07,0.12
18:37:54.131,51.71,0.09,0.07,0.10
18:37:54.233,54.36,0.09,0.07,0.11
18:37:54.332,55.14,0.10,0.11,0.09
18:37:54.431,55.71,0.13,0.14,0.11
18:37:54.529,54.64,0.14,0.16,0.11
18:37:54.628,58.71,0.10,0.13,0.08
18:37:54.726,57.43,0.12,0.14,0.11
18:37:54.823,57.07,0.13,0.16,0.09
18:37:54.926,57.79,0.10,0.14,0.05
18:37:55.024,55.21,0.09,0.13,0.06
18:37:55.123,52.86,0.08,0.12,0.04
18:37:55.221,52.71,0.08,0.08,0.07
18:37:55.319,54.21,0.08,0.07,0.08
18:37:55.417,55.93,0.09,0.10,0.09
18:37:55.519,53.71,0.09,0.13,0.06
18:37:55.618,52.71,0.09,0.12,0.06
18:37:55.717,52.79,0.08,0.11,0.06
18:37:55.815,51.36,0.09,0.10,0.07
18:37:55.913,50.36,0.06,0.06,0.06
18:37:56.012,49.64,0.08,0.09,0.07
18:37:56.109,51.00,0.09,0.12,0.07
18:37:56.212,49.43,0.11,0.15,0.07
18:37:56.311,48.86,0.10,0.14,0.06
18:37:56.408,51.21,0.09,0.12,0.05
18:37:56.507,51.50,0.10,0.11,0.09
18:37:56.605,50.57,0.08,0.10,0.07
18:37:56.703,50.86,0.06,0.07,0.06
18:37:56.805,52.00,0.05,0.06,0.04
18:37:56.904,50.50,0.07,0.10,0.04
18:37:57.003,53.57,0.06,0.09,0.04
18:37:57.101,55.00,0.09,0.08,0.09
18:37:57.199,53.57,0.06,0.07,0.04
18:37:57.298,52.93,0.04,0.10,-0.02
18:37:57.395,55.57,0.07,0.11,0.03
18:37:57.497,52.21,0.10,0.13,0.08
18:37:57.595,53.36,0.10,0.14,0.05
18:37:57.694,50.71,0.08,0.14,0.03
18:37:57.794,49.07,0.10,0.16,0.04
18:37:57.892,52.57,0.08,0.13,0.03
18:37:57.990,54.29,0.08,0.15,0.02
18:37:58.092,49.50,0.10,0.15,0.04
18:37:58.190,50.07,0.09,0.11,0.06
18:37:58.288,50.29,0.06,0.09,0.02
18:37:58.387,48.00,0.04,0.10,-0.02
18:37:58.486,49.14,0.06,0.12,-0.01
18:37:58.583,50.14,0.08,0.16,0.01
18:37:58.681,52.00,0.09,0.15,0.03
18:37:58.783,54.29,0.07,0.13,-0.00
18:37:58.882,52.64,0.10,0.18,0.02
18:37:58.980,55.79,0.08,0.16,-0.00
18:37:59.079,58.43,0.05,0.12,-0.03
18:37:59.178,57.79,0.07,0.14,0.00
18:37:59.276,53.71,0.04,0.10,-0.02
18:37:59.378,50.29,0.06,0.15,-0.03
18:37:59.475,51.07,0.07,0.16,-0.02
18:37:59.576,48.79,0.06,0.15,-0.02
18:37:59.673,51.64,0.07,0.14,-0.01
18:37:59.772,52.00,0.06,0.16,-0.04
18:37:59.870,51.86,0.04,0.12,-0.04
18:37:59.968,49.64,0.05,0.11,-0.02
18:38:00.070,53.43,0.04,0.11,-0.03
18:38:00.169,53.21,0.03,0.08,-0.01
18:38:00.267,54.86,0.04,0.08,-0.00
18:38:00.366,53.79,0.06,0.13,-0.02
18:38:00.463,54.29,0.07,0.15,-0.01
18:38:00.562,51.43,0.07,0.15,-0.01
18:38:00.664,53.07,0.05,0.15,-0.04
18:38:00.763,53.21,0.05,0.14,-0.03
18:38:00.861,52.71,0.04,0.11,-0.03
18:38:00.960,51.29,0.03,0.10,-0.04
18:38:01.058,50.71,0.03,0.12,-0.06
18:38:01.155,52.36,0.03,0.12,-0.05
18:38:01.258,48.79,0.05,0.12,-0.03
18:38:01.356,52.50,0.08,0.14,0.02
18:38:01.454,54.07,0.09,0.17,-0.00
18:38:01.553,53.57,0.05,0.15,-0.05
18:38:01.651,51.50,0.04,0.09,-0.01
18:38:01.749,53.07,0.04,0.10,-0.01
18:38:01.848,54.79,0.03,0.08,-0.02
18:38:01.950,52.36,0.06,0.09,0.02
18:38:02.048,52.57,0.05,0.09,0.01
18:38:02.147,52.64,0.05,0.10,-0.01
18:38:02.245,52.64,0.05,0.10,-0.00
18:38:02.344,50.29,0.06,0.13,-0.01
18:38:02.441,50.86,0.06,0.09,0.03
18:38:02.544,52.64,0.03,0.07,-0.01
18:38:02.642,54.29,0.03,0.07,-0.02
18:38:02.741,54.50,0.04,0.09,-0.01
18:38:02.839,51.64,0.03,0.09,-0.02
18:38:02.938,52.21,0.05,0.10,-0.01
18:38:03.035,54.71,0.06,0.12,-0.01
18:38:03.134,53.43,0.04,0.14,-0.06
18:38:03.236,55.00,0.03,0.11,-0.04
18:38:03.334,54.43,0.03,0.08,-0.02
18:38:03.433,54.00,0.02,0.07,-0.02
18:38:03.532,51.43,0.02,0.07,-0.02
18:38:03.630,48.36,0.02,0.08,-0.04
18:38:03.727,52.21,0.02,0.08,-0.03
18:38:03.830,53.71,0.01,0.08,-0.06
18:38:03.928,52.07,0.03,0.10,-0.03
18:38:04.027,52.64,0.03,0.08,-0.02
18:38:04.125,50.07,0.01,0.09,-0.06
18:38:04.224,48.36,0.03,0.10,-0.04
18:38:04.322,50.86,0.02,0.07,-0.03
18:38:04.419,51.57,0.02,0.06,-0.01
18:38:04.523,50.14,0.04,0.09,-0.01
18:38:04.621,54.21,0.01,0.08,-0.05
18:38:04.718,56.43,0.01,0.08,-0.06
18:38:04.818,50.71,0.03,0.08,-0.02
18:38:04.916,48.29,0.03,0.06,-0.00
18:38:05.014,48.29,0.02,0.05,-0.00
18:38:05.116,52.07,0.03,0.06,0.00
18:38:05.215,53.86,0.02,0.05,-0.02
18:38:05.312,52.29,0.02,0.08,-0.03
18:38:05.411,51.14,0.03,0.10,-0.03
18:38:05.509,50.21,0.03,0.10,-0.03
18:38:05.608,51.43,0.03,0.11,-0.05
18:38:05.706,51.64,0.01,0.09,-0.07
18:38:05.808,50.50,0.00,0.05,-0.05
18:38:05.906,56.21,0.01,0.06,-0.05
18:38:06.005,54.57,0.02,0.08,-0.05
18:38:06.104,54.36,-0.00,0.06,-0.06
18:38:06.202,54.79,-0.02,0.05,-0.09
18:38:06.300,53.21,-0.03,0.02,-0.09
18:38:06.402,50.00,0.00,0.07,-0.07
18:38:06.500,52.93,0.03,0.11,-0.05
18:38:06.599,52.57,0.01,0.08,-0.06
18:38:06.697,51.00,0.00,0.08,-0.07
18:38:06.795,54.50,0.02,0.08,-0.04
18:38:06.894,53.86,0.01,0.07,-0.05
18:38:06.993,52.00,0.01,0.06,-0.03
18:38:07.095,50.07,0.01,0.08,-0.06
18:38:07.193,47.29,0.03,0.13,-0.07
18:38:07.291,53.29,0.01,0.07,-0.05
18:38:07.390,52.50,0.01,0.06,-0.05
18:38:07.487,50.57,0.01,0.10,-0.08
18:38:07.586,51.21,-0.01,0.10,-0.11
18:38:07.688,48.07,-0.04,0.02,-0.10
18:38:07.787,47.93,-0.01,0.03,-0.05
18:38:07.885,52.93,0.01,0.07,-0.05
18:38:07.983,52.07,0.02,0.09,-0.04
18:38:08.082,51.36,0.00,0.07,-0.07
18:38:08.180,53.14,0.00,0.07,-0.06
18:38:08.281,48.07,-0.01,0.03,-0.06
18:38:08.380,47.79,-0.02,0.05,-0.10
18:38:08.478,50.14,-0.02,0.05,-0.08
18:38:08.577,49.93,-0.00,0.05,-0.05
18:38:08.676,51.71,-0.02,0.03,-0.07
18:38:08.774,54.64,-0.01,0.05,-0.07
18:38:08.873,52.71,0.01,0.08,-0.07
18:38:08.974,51.00,0.01,0.06,-0.04
18:38:09.072,50.36,-0.02,0.05,-0.08
18:38:09.171,51.71,-0.02,0.07,-0.10
18:38:09.269,53.14,-0.01,0.08,-0.10
18:38:09.368,51.00,-0.00,0.08,-0.08
18:38:09.466,50.50,-0.00,0.09,-0.10
18:38:09.564,51.36,0.00,0.12,-0.11
18:38:09.666,56.93,-0.01,0.07,-0.09
18:38:09.765,53.86,-0.00,0.09,-0.10
18:38:09.864,55.86,0.01,0.08,-0.07
18:38:09.962,55.71,0.01,0.11,-0.09
18:38:10.059,51.79,0.00,0.07,-0.07
18:38:10.158,51.64,0.00,0.06,-0.06
18:38:10.261,51.29,-0.01,0.07,-0.09
18:38:10.359,52.00,-0.02,0.04,-0.09
18:38:10.457,54.07,0.01,0.08,-0.07
18:38:10.556,49.07,-0.01,0.09,-0.11
18:38:10.654,55.57,0.01,0.09,-0.06
18:38:10.752,49.79,0.01,0.09,-0.06
18:38:10.854,49.50,-0.00,0.06,-0.06
18:38:10.952,50.36,0.00,0.06,-0.06
18:38:11.051,51.57,0.00,0.06,-0.06
18:38:11.149,49.21,-0.00,0.07,-0.07
18:38:11.247,48.93,-0.03,0.05,-0.11
18:38:11.346,51.14,-0.02,0.05,-0.09
18:38:11.444,52.43,-0.00,0.06,-0.07
18:38:11.546,50.29,-0.02,0.03,-0.07
18:38:11.645,54.07,-0.03,0.02,-0.08
18:38:11.743,57.57,-0.02,0.06,-0.10
18:38:11.841,55.57,-0.01,0.05,-0.07
18:38:11.940,54.29,-0.00,0.08,-0.09
18:38:12.038,55.64,-0.01,0.06,-0.09
18:38:12.140,51.86,-0.02,0.04,-0.09
18:38:12.239,51.07,0.02,0.08,-0.04
18:38:12.337,51.21,0.02,0.07,-0.02
18:38:12.435,50.29,0.00,0.06,-0.06
18:38:12.534,48.86,-0.02,0.04,-0.08
18:38:12.632,51.07,-0.00,0.08,-0.09
18:38:12.730,52.14,0.00,0.08,-0.07
18:38:12.831,52.14,-0.02,0.04,-0.08
18:38:12.930,50.86,0.01,0.07,-0.05
18:38:13.029,48.50,0.04,0.13,-0.05
18:38:13.128,49.00,0.02,0.12,-0.07
18:38:13.226,47.07,0.02,0.11,-0.08
18:38:13.325,50.21,0.00,0.07,-0.06
18:38:13.425,51.86,-0.00,0.06,-0.07
18:38:13.525,52.57,0.01,0.07,-0.06
18:38:13.623,49.36,-0.00,0.06,-0.07
18:38:13.722,45.43,-0.01,0.04,-0.06
18:38:13.820,46.14,0.00,0.07,-0.06
18:38:13.918,52.21,0.01,0.09,-0.06
18:38:14.019,51.86,0.01,0.10,-0.07
18:38:14.118,50.86,0.02,0.09,-0.05
18:38:14.217,51.79,-0.01,0.06,-0.09
18:38:14.314,50.14,-0.01,0.04,-0.07
18:38:14.414,48.57,0.00,0.04,-0.04
18:38:14.512,49.36,-0.00,0.02,-0.03
18:38:14.610,50.71,0.01,0.07,-0.05
18:38:14.713,50.79,0.03,0.12,-0.07
18:38:14.810,51.36,0.01,0.12,-0.10
18:38:14.909,49.71,0.01,0.09,-0.07
18:38:15.007,47.14,0.02,0.07,-0.04
18:38:15.105,50.00,0.02,0.06,-0.03
18:38:15.205,51.79,0.02,0.09,-0.05
18:38:15.306,51.79,0.02,0.10,-0.07
18:38:15.404,51.64,0.00,0.10,-0.10
18:38:15.503,49.07,0.01,0.09,-0.06
18:38:15.601,43.93,0.03,0.11,-0.04
18:38:15.699,47.36,0.03,0.10,-0.04
18:38:15.798,50.79,-0.01,0.04,-0.05
18:38:15.895,55.36,0.00,0.03,-0.03
18:38:15.999,53.00,0.01,0.07,-0.05
18:38:16.097,53.29,0.03,0.11,-0.05
18:38:16.195,53.71,0.05,0.14,-0.03
18:38:16.294,48.50,0.02,0.10,-0.06
18:38:16.392,47.93,-0.01,0.08,-0.10
18:38:16.490,49.71,0.02,0.09,-0.05
18:38:16.593,48.93,0.01,0.07,-0.05
18:38:16.691,43.93,0.01,0.04,-0.03
18:38:16.789,45.86,0.05,0.09,0.01
18:38:16.887,47.00,0.04,0.07,-0.00
18:38:16.986,47.36,0.03,0.07,-0.02
18:38:17.084,53.79,0.02,0.07,-0.03
18:38:17.183,55.07,0.02,0.09,-0.06
18:38:17.284,52.79,0.03,0.10,-0.04
18:38:17.383,50.00,0.03,0.09,-0.03
18:38:17.481,51.86,0.03,0.06,0.00
18:38:17.580,52.93,0.04,0.07,0.01
18:38:17.678,47.21,0.03,0.09,-0.02
18:38:17.776,49.50,0.02,0.07,-0.03
18:38:17.878,51.64,0.02,0.06,-0.03
18:38:17.977,49.29,0.05,0.11,-0.00
18:38:18.075,48.57,0.05,0.14,-0.05
18:38:18.174,48.71,0.06,0.17,-0.05
18:38:18.272,52.43,0.04,0.12,-0.04
18:38:18.370,53.21,0.01,0.05,-0.03
18:38:18.468,49.14,0.00,0.05,-0.05
18:38:18.571,47.64,0.03,0.09,-0.04
18:38:18.669,50.07,0.06,0.09,0.03
18:38:18.767,49.50,0.03,0.08,-0.02
18:38:18.866,50.07,0.03,0.08,-0.01
18:38:18.964,50.36,0.06,0.13,-0.01
18:38:19.062,48.93,0.07,0.14,0.01
18:38:19.164,51.21,0.06,0.11,0.01
18:38:19.262,52.50,0.06,0.09,0.03
18:38:19.361,52.00,0.05,0.10,-0.00
18:38:19.460,49.57,0.04,0.08,-0.01
18:38:19.558,47.29,0.05,0.10,-0.00
18:38:19.656,52.71,0.04,0.08,-0.01
18:38:19.754,51.07,0.06,0.11,0.00
18:38:19.856,50.93,0.09,0.14,0.03
18:38:19.955,51.21,0.06,0.12,0.01
18:38:20.053,52.50,0.07,0.08,0.05
18:38:20.152,53.36,0.06,0.10,0.02
18:38:20.250,55.57,0.06,0.12,-0.00
18:38:20.348,51.86,0.04,0.10,-0.01
18:38:20.450,47.64,0.03,0.08,-0.02
18:38:20.548,50.79,0.04,0.11,-0.02
18:38:20.647,50.93,0.05,0.13,-0.03
18:38:20.745,49.79,0.02,0.09,-0.04
18:38:20.844,51.71,0.01,0.06,-0.04
18:38:20.941,50.14,0.03,0.07,-0.02
18:38:21.040,50.00,0.04,0.08,0.01
18:38:21.142,51.07,0.07,0.11,0.03
18:38:21.242,52.57,0.08,0.14,0.02
18:38:21.339,48.57,0.07,0.12,0.03
18:38:21.438,51.21,0.09,0.12,0.05
18:38:21.536,54.43,0.06,0.14,-0.01
18:38:21.634,50.79,0.06,0.12,-0.01
18:38:21.737,51.07,0.06,0.11,0.00
18:38:21.834,54.43,0.06,0.10,0.01
18:38:21.933,50.86,0.06,0.10,0.01
18:38:22.031,49.71,0.03,0.08,-0.02
18:38:22.130,50.07,0.03,0.06,-0.00
18:38:22.228,53.93,0.03,0.03,0.02
18:38:22.327,54.50,0.04,0.06,0.03
18:38:22.429,52.36,0.01,-0.01,0.03
18:38:22.527,46.79,-0.00,-0.04,0.04
18:38:22.626,47.79,-0.05,-0.14,0.04
18:38:22.724,55.36,-0.08,-0.16,0.01
18:38:22.822,52.79,-0.09,-0.17,-0.01
18:38:22.920,48.79,-0.08,-0.17,0.01
18:38:23.023,51.93,-0.06,-0.16,0.04
18:38:23.121,52.43,-0.07,-0.19,0.05
18:38:23.219,48.57,-0.10,-0.23,0.04
18:38:23.318,47.79,-0.12,-0.26,0.01
18:38:23.416,52.79,-0.14,-0.31,0.02
