-4645.34363848888,6027.71616754052
-4063.71369616439,5505.05280755425
-6820.15536203823,1340.82554887458
-3466.53937841089,5005.66169002576
-5820.57127812199,546.570835686198
-2856.10751416633,4531.08998359143
-4378.52471778045,460.659130666742
-2234.83318795442,4082.72124036614
-3360.11622418526,-209.770899612158
-1605.25231931665,3661.77197198288
-2320.73584385424,-828.417877791334
-349.750751566956,7925.54874562673
-617.998183891732,3943.49474084383
-1264.67514206051,-1393.71013404216
-76.8635833746176,7737.04973813722
-9.20213397791983,3593.75889917839
60.9234461008967,-1173.88283836929
192.623873333216,7560.78567603415
599.376970115783,3272.52335194788
1096.00990984412,-1616.78665369723
457.346256582355,7397.25468872693
1204.92402901201,2980.31003308958
2133.63701743296,-2005.98606435362
715.9138639901,7246.9004196714
2043.59634629484,3434.6705237518
3307.3556665973,-1582.08195213206
1314.23336055883,7753.93714109617
2605.26303561399,3208.70341842405
4295.043591791,-1858.31232210977
1542.03945731574,7636.41359500026
3155.26860600422,3010.88872780335
5271.22483689321,-2083.33864480721
1759.86696160613,7532.32915698036
3850.90141431576,3574.65721785224
6253.12210916906,-1490.71474007905
1966.36683064262,7441.93982260059
4341.42263443212,3435.88516278655
7141.85210973684,-851.552760331882
2160.19705319383,7365.46830681816
4811.93431212407,3323.37166023607
7977.92426186396,-935.190384328158
5349.71322868253,3974.8643258326
5747.16306681616,3913.12342199057
6170.82229272624,4610.92607536629
6488.47206685274,4593.84501514217
-5218.02801042416,5403.18461096528
-4608.95680577781,4856.27922141282
-7851.59208454928,41.721506043756
-3983.45159864885,4333.8626139653
-6776.5345906497,-809.637131168275
-3343.8998286227,3837.54263085288
-5668.20140505919,-1606.76452181333
-1384.16895652657,7712.28198912491
-2692.82384453631,3368.75426654598
-4530.99217193336,-2347.22552723578
-1092.7436004368,7489.64772559563
-2032.8730354621,2928.75588205824
-3369.51787274832,-3028.92347086125
-802.028593092698,7278.71985443557
-1016.11417607796,3197.8162493194
-1897.20420795505,-2927.71731768776
-108.266435257622,7698.33903800408
-376.803906883601,2832.07172136668
-743.524923967027,-3472.21349925984
161.277998967864,7521.20897191371
262.470995145293,2496.22831581326
418.911463091418,-3956.33998549391
426.006783423296,7356.75966510522
898.763542026336,2190.80908078966
1753.13222852826,-3621.14524852245
684.528612284965,7205.43392479384
1764.07231258677,2638.96611921884
2875.17168838195,-3975.79452446416
935.432776882051,7067.62291620414
2355.4960091845,2402.64061727704
4077.915830425,-3502.0880363372
1177.29474869532,6943.6695205208
2934.88327983206,2195.77931984666
5139.07439191901,-3737.50718382141
1729.79973175293,7490.64089127806
3653.17348250626,2757.52519252518
6192.86676653818,-3145.92159440537
1936.02846608101,7399.15605830116
4171.19644932628,2612.20337030796
7174.27294521217,-3274.50747496276
2129.52809841203,7321.53872073357
4775.97211078698,3237.5033692297
2308.96819649941,7257.98387446586
5223.44135361294,3147.12646815477
2473.04070510083,7208.6637155957
5644.77192472663,3082.01159531726
6081.05580738243,3782.91378117266
6419.15849431773,3764.15036569526
-5791.75695561598,4777.75148875963
-5155.32688820288,4206.66331753456
-4501.57956648695,3661.27135410895
-3833.00237571875,3143.24336354576
-6951.58724439387,-3685.23429157636
-1418.38884293609,7676.16532052813
-3152.2242564666,2654.06498251863
-5692.59606275252,-4496.87660968574
-1127.09212863589,7452.9962256704
-2462.00738046319,2195.03555733362
-4405.91833985945,-5242.51490297081
-836.559855870797,7241.46535208964
-1765.2386843998,1767.26502832855
-2811.19521714,-5191.98359211821
-548.165421803068,7042.20859057759
-746.008492524284,2069.42374102683
-1528.39318224267,-5785.32856354115
-263.318829086463,6855.79973793951
-76.1145568589887,1718.94262505774
-33.2862582075622,-5556.16796220645
16.5379675945345,6682.75230138014
590.846008108847,1400.27390716415
1221.16114416959,-6003.39621543764
650.693545710286,7167.72105069934
1251.70628528118,1113.7614307029
2474.47972370514,-6384.43956277925
901.159177798177,7029.02792787193
2104.09904782752,1595.14532971193
3795.18981048789,-5924.35604518544
1142.53283731719,6904.12306068559
2712.82999785341,1379.14440784769
5021.12275581928,-5395.21643029578
1373.38167793846,6793.30467305556
3454.10355775159,1938.50203794407
1592.27135529398,6696.83135717705
3999.6323801387,1786.50245843651
2095.01160330155,7281.71493127713
4523.50971039479,1663.02573895944
2273.78979911154,7217.03406971396
5096.32613260249,2316.81496409189
2437.15085843733,7166.52628381623
5541.58765391424,2248.13064547896
2583.81682155409,7130.3483429223
5991.09867886574,2951.70352084966
6373.56761459805,3675.16833511158
6676.31893847286,3674.46079980055
-6887.33286613908,3580.15858978944
-6196.63951288451,2961.65726526884
-2516.47027847686,7552.23239461921
-5486.71112496115,2371.44920939548
-2212.48414795562,7295.56417752525
-4760.24152008781,1811.33086775329
-1906.46754104206,7049.63224449434
-4020.07881355987,1282.89843367712
-1599.77199270059,6815.23079727427
-2892.68298845679,1461.52398331055
-872.203539445865,7207.43943398886
-2165.41728954952,1016.16001211834
-584.412967814802,7007.72536402264
-1434.28715964012,604.364359317032
-300.224010224223,6820.77299488075
-702.53133311539,226.872519523267
-21.0767446021079,6647.09454318662
280.695614203598,609.723748294084
251.561680541739,6487.14455217272
971.945841039529,311.297667475966
516.202402158829,6341.32294061461
1850.36534268895,787.241577612678
1104.63975555473,6868.64785490843
2488.28780460189,562.014075482273
1334.62593251946,6756.92701648122
3110.03143069794,368.64131168197
1552.61239368166,6659.46743852891
3825.68455107329,959.786403965146
1757.1714721726,6576.49368669184
4376.1440022528,830.593537034632
1946.88865367482,6508.20157104729
4967.10704169381,1484.89139866691
2396.88559464216,7128.6895849623
5436.24259498672,1412.42564156789
2542.55569959271,7091.31396807983
5899.49059948039,2118.20164664108
2670.26218461576,7068.34415702084
6292.85944073634,2844.56145222724
6613.93076471894,2842.28370046045
6882.87970819061,3604.90809392966
7105.97544880571,3642.45836376627
-6745.50488040079,2309.56942472826
-2551.95178677656,7519.43420863742
-6007.35744072042,1696.36971013949
-2248.70181687953,7262.89355117049
-5251.8906566813,1114.51583150653
-1943.49449989229,7016.98994835911
-4482.05843894498,565.653149258747
-1637.67768357443,6782.5150546294
-3700.96589313103,51.2119884773349
-1332.64716256422,6560.19285344819
-2911.85943254437,-427.596541528648
-1029.84255063493,6350.6803791799
-1805.87497138401,-161.622776954417
-730.742817380873,6154.56904180881
-1043.45918211138,-553.879689488976
-60.9167870874307,6615.29615514293
-283.710127608124,-909.930376931975
210.597608203161,6454.79961368362
689.157372119961,-490.1365384871
474.070731225963,6308.32682716152
1400.68395425755,-765.537180835347
728.001185158845,6176.22633719689
2260.41388359044,-254.530157003138
970.877750472214,6058.80039139968
2910.56301616384,-456.009912520533
1509.17768258071,6626.45099323375
3648.27681250692,133.111998445462
1712.49413110159,6542.50407748941
4225.09756341397,-1.96443240106344
1900.9451460372,6473.14333858672
4834.48451034624,652.371294560204
2073.14087098863,6418.54352390848
5327.32526501875,575.896242515665
2496.68662455764,7056.70276532123
5804.72297580808,1283.36974018019
2623.15492806799,7032.50967920922
6209.49031541069,2012.10906342022
2730.46773813009,7022.78737362613
6548.8083688076,2007.93550063325
2817.50796471348,7027.68324459682
6823.91282404434,2774.08598212273
7060.96534175425,2810.75583929638
-3388.61607885173,7194.55636891559
-7790.29758527073,1057.76479694908
-3074.17222512291,6915.65564944347
-6995.01304580419,399.057111213637
-2756.25490429236,6647.03318364628
-6180.65301570992,-225.520959117963
-2436.219132447,6389.58222712272
-5350.39390224901,-814.213015204292
-1676.36853353701,6752.99813037742
-4507.57523291412,-1365.49724047832
-1372.66943480568,6530.74607176684
-3315.01633528791,-1179.02064372097
-1071.26042301371,6321.1819198106
-2490.77351335484,-1637.41329671106
-773.615059080833,6124.89508857327
-1665.21305434142,-2057.05633609796
-481.241402488632,5942.41170269064
-597.330284402436,-1701.57233749703
-195.676875873077,5774.1972172336
186.329827409859,-2033.14071725411
81.5172483819662,5620.65970328833
1143.66425748119,-1575.47847086514
681.352281489529,6146.84938144891
1870.82662015757,-1825.42640822676
922.641791243739,6028.69556373784
2706.50365589275,-1279.05030113359
1151.34084405172,5925.35821439306
3363.70394631408,-1454.96824204557
1365.94466481423,5837.06342181902
4069.14111695714,-833.545741993325
1850.64112377886,6442.67378775684
4644.1563674768,-943.661256863788
2021.28474142331,6386.98825926735
5213.37883243146,-260.402243200014
2174.31642207369,6346.11851748298
5705.23765489053,448.22600596046
2308.42375161328,6320.21633898972
6125.01821635388,419.994881030714
2677.12179645585,6990.23433397636
6479.19490188647,1172.37422186692
2762.75323350418,6993.78218225202
6760.99353273598,1941.4528218007
2827.0990487301,7012.02005999924
7011.87868092386,1976.80298373367
7162.589229438,2777.08903821531
-3423.95085874945,7163.84766316292
-3110.94090444084,6885.79854143214
-7983.12862337338,-901.636228434097
-2794.55627970509,6617.89596583562
-7109.27651917683,-1569.29849077584
-2476.14542513004,6361.02902458571
-6217.96507895226,-2198.14113142727
-2157.1114039504,6116.01558411136
-5312.7705531627,-2786.55068664484
-1838.90799119758,5883.60246615612
-4060.23196290767,-2629.32014205963
-1523.03541757729,5664.4662317452
-3172.60010154989,-3118.39585962659
-1211.03577226464,5459.21460345617
-2283.12084596001,-3565.60809020582
-527.971006183023,5916.55827026051
-1157.40955805993,-3229.31225756629
-244.346204993486,5748.10560861712
-310.546087857882,-3582.20219831483
30.871361842413,5594.18710982453
701.191378564071,-3137.53170410633
296.110081736383,5455.15727088624
1489.64105885774,-3402.94292020372
549.786882145266,5331.32232762845
2374.9631687772,-2864.04258212379
1097.51080125059,5899.08505595483
3090.32173501481,-3050.11781848679
1310.17320944966,5809.93731574679
3839.31929815405,-2431.47060612072
1507.25242373328,5735.8994501884
4506.62393568891,-1778.44372049147
1964.81087879663,6360.16359299959
5092.8994719929,-1095.35753217928
2116.05064161547,6318.17560792639
5596.5769966015,-1151.76687365772
2248.39629872705,6291.04287170712
6039.05465926148,-417.54029148261
2360.59595602159,6278.91793739169
6403.27366933016,336.620017712291
2702.87284801487,6964.57938543644
6692.2210781392,1107.99088406386
2765.71150376872,6981.41160449839
6956.71641088864,1141.56049153762
2806.38570523957,7013.01373867903
7109.74145045082,1945.29183770481
7221.55867652849,2773.11483546349
-3963.79887198185,6571.5487789907
-3636.92244375145,6281.36554309242
-3306.47165240343,6001.79785213843
-2973.85146140175,5733.76720447391
-7084.68456394265,-3584.03567304662
-2199.58107484099,6091.29846466462
-6116.7331179874,-4209.73569837437
-1883.57411833428,5859.45290666033
-5137.54890517243,-4790.5317603401
-1569.97114153274,5640.72263740074
-3852.12972363585,-4602.2115112326
-1260.30505293592,5435.7129185871
-2898.24827557688,-5077.10972008808
-956.145441774007,5244.96287408492
-1713.80272329715,-4760.55322082192
-659.093302018684,5068.94828124286
-803.162142799046,-5134.84707944446
-22.8938287503881,5572.23204242748
264.128457016182,-4703.69505434205
239.969913281087,5432.84281082841
1114.52916784698,-4984.61591456776
491.260202873603,5308.49140604329
2050.89595469295,-4453.68454092492
729.399406587068,5199.44236230158
2904.48358460724,-3877.64712288001
1250.10718793744,5787.6548447023
3619.37357727129,-4034.52539298399
1444.95410767108,5712.73997679254
4327.82731711597,-3382.79397746396
1622.78525557325,5652.97189491692
4950.81640937832,-2699.32480031997
1782.17766009078,5608.51455929547
5489.24602431497,-1988.3147097926
2183.31243154545,6266.80677669789
5973.20564517198,-2020.39760136954
2293.59914386414,6253.39806799906
6360.03042374895,-1262.09732649554
2382.62750815868,6255.03765544437
6665.67252641626,-485.819556786515
2699.11258815203,6955.6164997921
6893.40995367064,306.061183695706
2738.25488944374,6985.74473525423
7049.87974514968,1112.76623002831
2754.51194451138,7030.7339019789
7168.54943052235,1947.69693595283
2752.5092592414,7094.0735394854
7356.32615332819,2094.33422631741
-3999.52132878024,6543.57223108154
-3674.93167738676,6254.93580428933
-3346.89005429365,5976.74545868994
-3016.79165863687,5709.91704681547
-2686.08885255783,5455.29220936768
-2356.28714038255,5213.63858238364
-2028.94079577793,4985.6506395475
-1705.64814183052,4771.95120442229
-1010.28212707118,5225.91761727952
-2494.77573804498,-7042.91799279716
-716.065541655346,5050.01927018542
-1293.18801917755,-6688.43741682232
-430.612096477194,4889.08915111849
-329.565882843004,-7037.21086207726
-155.555994947314,4743.48785916431
743.165560580071,-6567.82046406611
428.887449785595,5290.53353289125
1731.63515814736,-6045.39221410753
664.295355339495,5180.95468944195
2565.25026402937,-6251.86164440853
885.001385335846,5086.73896846415
3405.98309470699,-5640.21534451111
1089.45512236519,5008.08734965171
4157.07398368916,-4990.29923945186
1553.43874166217,5633.90188922581
4818.44015605863,-4306.96742173613
1710.42202811351,5588.3804563725
5390.61073695483,-3594.68163711477
1847.66186605006,5558.1818410901
5874.73246616752,-2857.45506373475
2221.3929156972,6232.95096558674
6272.58085424441,-2098.80363365876
2308.42734037374,6233.24291296331
6586.57836193792,-1321.70742241049
2373.22288872204,6248.63062428328
6819.8209238744,-528.58528744481
2414.79205528153,6279.301798059
6980.91863289368,280.651723165626
2679.66291113133,7006.83892261967
7189.1772265999,370.07182122894
2678.95604071967,7070.25755673026
7318.05977374635,1279.24255597229
2687.11688396233,7174.59573260511
7465.71647553609,2286.84549789346
-4875.12629624018,6260.92106089459
-4542.42015532008,5950.87419042622
-4204.7022332111,5650.67991238618
-3863.35754766085,5361.36220713461
-3519.83489526073,5083.86777375835
-3175.64306578405,4819.06562177238
-2405.88655711124,5195.5091154962
-2081.76598399478,4968.44082499958
-1761.7681126324,4755.45436670306
-1447.51649316715,4557.10112801213
-1140.66780419885,4373.86687542385
-493.730674926256,4874.90079371723
-221.940299639111,4729.23278725392
37.8125247673575,4599.00797260883
283.89011552587,4484.49474824367
812.686765940786,5072.74965799044
3195.79042536534,-7245.89129073303
1014.16414822247,4993.35987575508
3990.66326559675,-6598.38364291501
1197.9296380186,4929.53944829844
4691.73231116263,-5915.78763040088
1362.50003736725,4881.45619751009
5299.15114944876,-5202.83654571029
1768.28975125191,5542.18607094004
5813.68492928237,-4463.80612097187
1882.03785351444,5526.19539467558
6236.72010830611,-3702.45653403214
1973.61429671473,5525.70562321873
6570.28189479896,-2921.98283265902
2291.71534618533,6230.62202193633
6817.06132083401,-2124.97688186723
2331.4524531766,6259.7427703623
6988.44710633975,-1310.16182036125
2347.34426630067,6304.26912800207
7127.67465329489,-457.264874631789
2600.99411843933,7052.11503657375
7271.43791714254,466.829993537808
2616.08029208716,7162.10698097605
7434.97342427196,1499.07375113831
2659.31265306956,7344.85624220513
7708.7274757167,1930.75613097978
-4908.07522345718,6233.56638757275
-4578.42868727429,5926.03332669567
-4243.93005802974,5628.151564933
-3905.95188624945,5340.93693075017
-3565.92975400748,5065.32893491108
-3225.35852963093,4802.19038739585
-2885.78825011966,4552.30763553487
-2548.81964405988,4316.39146167622
-2216.099300409,4095.07867787565
-1509.60002896439,4545.74381187617
-1206.56129162077,4363.03121169268
-912.628936088303,4195.63601993834
-629.490788250157,4043.92548872918
-35.8622773672456,4589.6862671543
206.62380196391,4474.87766717955
433.853313377454,4375.80720234077
644.220112190083,4292.67954362438
1114.67236238246,4919.39283138383
1276.16853365838,4870.33628723451
1417.15755679592,4837.00192309185
1794.8115419841,5514.4240863518
1883.935407886,5512.58469294005
6561.33977092869,-4523.76237150931
1949.92219747378,5526.27560108293
6823.55400788477,-3723.7530495341
2242.67935508848,6245.56909100726
7008.54695591729,-2903.79656888225
2257.10383082439,6288.57705377894
7163.47604832225,-2040.15191077407
2262.33771896481,6357.10298470356
7324.29677942095,-1096.95050667617
2541.43442931319,7156.51771547415
7503.90347424111,-35.5245917904803
2596.11001991236,7353.95999113226
7693.12826610124,1181.22592936835
-5465.93929666113,5652.38894242752
-5124.25914895738,5333.65625956377
-4777.53401665609,5024.92788394598
-4427.18382485964,4727.25193144333
-4074.69426282904,4441.59700423638
-3721.61291782185,4168.85179445418
-3369.54502897049,3909.82533404146
-2607.93166311905,4306.49949406775
-2279.54809792406,4086.42917569584
-1957.15506263307,3881.27396794738
-1642.4557946018,3691.52955735837
-1337.18206034091,3517.6280845629
-706.886001031216,4038.75821779643
-440.444495603486,3903.08661373512
-188.1584968314,3783.45223193753
348.350755443647,4371.24486502377
554.94102660406,4287.5602782162
743.196966082026,4219.79265667857
1184.5711638882,4864.88188318183
1322.39594694145,4830.50240575161
1438.52489797764,4811.8298333311
1788.75685918541,5505.11364531381
1852.36520058083,5517.36913850471
1892.04466941741,5545.19848231076
2161.71165532994,6278.52694791758
2170.28673514846,6348.86198383393
7391.37875506116,-2660.71175243142
2201.97724972159,6477.49926629677
7591.25036969271,-1568.80307004303
2268.58774743793,6695.91445892612
7797.14693047703,-308.723270075955
2365.51766175739,7029.23331951623
2452.00787898708,7410.87065162884
-6025.25580368812,5070.55295637593
-5671.96626808118,4740.9876473258
-5313.45506489231,4421.75810403799
-4951.18787126993,4113.94369640518
-4124.11423003766,4428.96746504593
-3775.73206065916,4158.59501920813
-3428.48250044829,3901.66759886894
-3084.00408606987,3658.91069802216
-2743.98257242527,3430.97410185271
-2410.14563513195,3218.43431269259
-1717.90782868272,3689.73753780562
-1417.5021757845,3516.55026712705
-1128.26097060476,3359.31146634417
-851.929844138081,3218.34369981237
-278.477838312515,3783.8338072578
-46.4589762306862,3680.21719196116
168.156726000935,3592.84088416122
645.004905856032,4219.79808187074
809.613387915705,4167.28092754364
953.053316943911,4130.81274436648
1335.18010976984,4810.04255541236
1425.40698797704,4805.94268780601
1491.73130234805,4817.73995872354
1786.77120556682,5540.55781980394
1801.23232899583,5583.34940502551
1815.25947721999,5659.35444555362
2115.23120099436,6485.54670991639
2194.3937591672,6722.88967840288
2299.45289184521,7072.91966907581
2384.60619835432,7448.67264287946
-6057.7786093305,5046.64223991044
-5709.14262173473,4721.00576425396
-5355.49462323319,4405.43608051159
-4998.2822044512,4101.00123004509
-4639.02014685774,3808.68815292181
-4279.28649234394,3529.40231022253
-3920.71822348589,3263.96796867897
-3565.00656863531,3013.12919029022
-2815.26276711974,3431.02162959261
-2486.93634932232,3220.01758752441
-2166.58710263674,3024.6162510373
-1855.98366577906,2845.25878333055
-1217.44276206216,3364.29128593237
-946.318608565833,3223.71736694146
-689.777669089496,3099.41617328242
-146.081099326609,3686.26446846715
63.9083608454372,3598.56116567867
255.028468919314,3527.04237445709
702.203956430811,4172.52774915648
841.83667401507,4135.13641886611
959.139886390389,4113.75546636796
1313.48708070546,4808.948516947
1377.04309925841,4819.33469145778
1415.95834682713,4845.64455460243
1689.76360426164,5583.72512140422
1708.73569599546,5663.20449418226
1760.54106286884,5816.08578007156
1853.19777833552,6079.05814732213
1966.90356279129,6452.93808115094
2055.90492661911,6844.46934340238
2116.28497580021,7243.04347894726
2147.73611510863,7646.6313893271
-6618.75186651274,4465.2992213355
-6259.64933890315,4129.83031801491
-5895.39843618053,3804.70602287951
-5527.48834091206,3491.02317643882
-5157.47773987047,3189.79481232214
-4786.99078663604,2901.94977195351
-3985.51618881279,3263.81846785138
-3635.90300313397,3015.48638226128
-3290.96856121867,2782.08524674366
-2952.4701436998,2564.2026135089
-2622.20188812663,2362.35508442265
-1947.62340345246,2854.67218901341
-1654.49762792275,2692.62107737924
-1374.65077376118,2547.01400126537
-794.034210089213,3110.96785201194
-559.166188176173,3003.22558596853
-342.158956479412,2911.93449216455
140.906060453449,3538.48927231717
307.06819308715,3482.67830634612
451.520936920255,3443.16616828331
838.631450382795,4123.33537897926
928.880046233347,4116.92030494699
994.617241749554,4126.69723793172
1293.16122840133,4851.98635206723
1308.85258934829,4895.3909986639
1334.91214579155,4982.17411042429
1661.11425948331,5840.58682949589
1767.23222692918,6127.94470004561
1882.15198056785,6503.16818129496
1969.50347600441,6887.45618113109
2028.76369455827,7278.65662285407
2059.63074589435,7674.77791093991
-6812.0025067111,3539.07049021122
-6437.77309007796,3204.88930458564
-5577.0564905697,3484.14052702058
-5213.47920834506,3186.88333225875
-4849.59520253363,2902.66309040697
-4487.06326351413,2632.31693346545
-4127.59703820448,2376.60104880305
-3772.95988544442,2136.19247790391
-3038.80970343059,2575.95264077496
-2715.26239938586,2375.90779251248
-2401.7572172109,2192.00128300602
-2100.11013276653,2024.6241521239
-1482.66781060223,2564.04128389998
-1224.03996887762,2435.65641964612
-982.108321023984,2323.93526961412
-462.329443003166,2929.78167705154
-270.140630497293,2854.8156086132
-98.8440828298001,2796.40727430255
322.839187678839,3459.71106311416
440.001306779341,3435.68417602599
799.216409706171,4131.84114041692
861.800192501346,4140.27306878695
899.211034730238,4164.90421409068
1180.74261840957,4907.99911280959
1213.47758979971,5000.43183052183
1288.98587075489,5184.85850269941
1409.58164391848,5503.13819552868
1529.07183963755,5892.43383010671
1619.90857948095,6290.90306086813
1681.62869415056,6696.51746196062
1713.9177589283,7107.21196381827
1716.61169571416,7520.89533663983
-6850.20817522366,3525.05544059687
-6482.73740386012,3196.11168299236
-6111.77016313768,2878.529072052
-5738.88042484992,2573.33281839262
-5365.70800773769,2281.46354725092
-4993.95409511642,2003.77763754177
-4206.00560643647,2388.44600447195
-3858.80608318269,2150.92567310305
-3518.29277976979,1928.93158029905
-3186.27730885365,1722.99103004197
-2864.60181823329,1533.56443656722
-2210.88353641154,2046.96538912794
-1929.91594935766,1897.4841355702
-1664.3424461396,1764.81130686972
-1107.5160788357,2348.27620225503
-890.153386483784,2253.52861288025
-692.686264764011,2175.55866108771
-235.12683165694,2820.22568193781
-91.2201732243754,2777.86359863435
301.360485520189,3458.0880345326
390.475706153919,3449.39145366283
454.652800314048,3457.10466651399
757.973930114888,4183.7569031758
776.832766994751,4229.29320705485
818.550350492917,4331.31621522268
1176.62681012917,5229.50159193337
1307.38530050779,5568.63999968659
1424.26548962669,5949.44528135165
1513.11775819764,6339.22393782511
1573.48906350464,6735.99173812061
1605.07185204722,7137.72861249606
1607.70562650311,7542.38890838896
-7405.29545214032,2936.97421890144
-7029.32778973166,2600.17803192136
-6649.83001443967,2274.95353128233
-6268.41209272599,1962.34842799091
-5886.75149372613,1663.32380210634
-5069.86257134948,2017.04342294006
-4709.46587427322,1758.03919538267
-4354.14018593774,1514.26867827768
-4005.7033584854,1286.34311699254
-3290.74590586514,1748.28542146678
-2977.00393769762,1560.90857698605
-2675.39504687299,1390.0539181871
-2387.76017370103,1236.06994916398
-1794.0349166833,1795.61676575105
-1552.68345522935,1680.59183855452
-1027.15329565795,2284.8468048227
-835.841675815564,2206.86279885318
-665.739241922744,2145.54111135667
-238.298302883858,2808.09775977731
-122.678325327651,2781.59095048725
-31.5274487816801,2771.68152869317
302.821990362256,3484.21726855145
337.993603725473,3507.09653516701
631.799429400936,4256.20725357533
682.161986413499,4366.89166978944
784.740833905257,4592.20549038985
926.26034712817,4956.03044600688
1047.07723051005,5348.90853969973
1138.99128432098,5751.02271459591
1201.53387102332,6160.32584011606
1234.38637282527,6574.73393305372
1237.38181495815,6992.13674001905
1210.50570879727,7410.40845887238
1153.89611063419,7827.41854525233
-7578.59040675017,2006.05269970716
-7191.40608755196,1673.81468651416
-6331.71289081069,1970.90959288974
-5958.81206135035,1676.98927992207
-5587.57363484287,1397.08458277591
-5219.75896315247,1131.97807927975
-4857.18009156532,882.371665123155
-4109.68706941383,1315.39533370196
-3778.798755453,1106.67078423664
-3458.49947688442,914.370647299626
-2800.13504195967,1425.59497630417
-2520.64878877129,1273.17126176644
-2256.80448166577,1137.52860380025
-1694.7406179287,1719.00673683577
-1479.21697389502,1621.40401325678
-1283.8318946249,1540.61413234177
-820.553884544182,2183.8600826439
-678.847919094642,2138.96165193824
-560.925029383158,2110.82209470943
-193.53698155271,2807.50199879037
-131.913017255927,2813.20187584987
177.641733751242,3540.11481136689
202.680421792005,3590.41740982867
264.054375626764,3713.78325472435
659.311623135908,4661.47847674533
803.191345415633,5029.99600713065
920.933910220925,5412.88988098413
1010.50884537416,5804.78492544986
1071.45944807277,6203.68598572991
1103.47521038281,6607.5619974062
1106.39340113628,7014.35630114272
1080.199887756,7421.99709268436
1025.02919392343,7828.40795560098
-7626.745534435,2006.08527094632
-7248.75787043936,1680.47532816679
-6869.12263697759,1367.22653017422
-6489.51519008317,1067.30602537156
-6111.67294108719,781.595767548619
-5737.39033604968,510.893671898392
-4959.31348420684,914.415669344477
-4613.51716670397,684.625160193345
-4276.70245875411,471.040848982689
-3584.26320398371,955.156452083195
-3285.5239105001,781.977894630302
-3000.96878334276,625.559709408596
-2402.83723977598,1182.92174856468
-2164.50904826302,1065.38627000841
-1945.09902307764,964.756709347818
-1445.52406664645,1587.16463793819
-1278.52861868399,1523.40781566984
-1134.43267285413,1476.53836130792
-732.527188830063,2155.7158874768
-644.492307448516,2143.67867204799
-303.497470405059,2855.47431771951
-270.925933234815,2876.80773647576
-240.55585077243,2931.53172242339
112.760245199024,3769.96851520172
245.709713433126,4048.81835542036
395.030415768768,4430.52511015142
516.07606193644,4823.44842663181
608.229274588709,5225.58802170208
671.020221551264,5634.89648336175
704.129016314084,6049.28966586348
707.387347658723,6466.65727596563
680.77933006866,6884.87359716545
624.441570690666,7301.80829793878
538.662452759144,7715.33726947563
-7796.74306982624,1086.08054791346
-7411.32349099751,767.349018000266
-7026.02002926926,462.080269997895
-6200.00118281319,810.482439388482
-5836.21911417235,544.960455547963
-5477.92522717992,294.659181455316
-5126.96350716488,60.2130857237927
-4402.1257986618,516.464486690551
-4086.25804772276,322.687843382046
-3783.03276111342,145.547441294478
-3149.76091331974,677.658984591607
-2890.33538744893,540.052662788423
-2648.47922857132,419.373908400961
-2112.65608193191,1019.56128520819
-1921.52628019642,936.613135929252
-1752.23591052008,870.637871173059
-1314.87180723216,1530.7748547658
-1200.89119927965,1500.54650977058
-826.665660769566,2195.66584630298
-768.573890157073,2199.50275742126
-450.678059389185,2925.84260588506
-415.840751727977,2984.65120937802
-330.282532033971,3137.83115032447
-181.032965605492,3448.27251938838
-28.1380557174038,3838.62832427431
95.8563037367144,4240.43430609406
190.317729792994,4651.64485203221
254.76463797865,5070.16626618033
288.868702399474,5493.8674017994
292.456528315794,5920.59048827334
265.510528637898,6348.1620983184
208.16899997649,6774.40420021151
120.725398106605,7197.14523926033
3.62681692714381,7614.2311924694
-142.528320809749,8023.53654035983
-7958.59963074372,171.762212916684
-7108.66759334184,490.672012826719
-6736.58919605849,206.076025101598
-6368.34768002747,-63.8832292326003
-6005.76850549747,-318.481639961865
-5250.57907188906,109.470197201108
-4919.91440995791,-104.494265631001
-4600.28845237363,-302.063679161762
-4293.5786731465,-482.801696916823
-3654.69841655609,46.2978711530165
-3392.26952581457,-94.4501817294487
-2820.74097281551,482.313349752167
-2606.96754070296,379.998091165026
-2413.81914840185,294.685948269378
-1940.59040361192,934.375001921868
-1801.52349246371,885.625476193568
-1392.93762657198,1562.56112832512
-1309.26071302304,1548.70599419542
-1251.21537851368,1551.74532758813
-930.055165470822,2279.16643849571
-887.83278540498,2344.76536251239
-496.153303071697,3218.59854939789
-336.762978076362,3549.85918195374
-188.697818407284,3927.89637568051
-68.6204200328497,4317.02220773473
22.8568291839827,4715.25556190624
85.2675675809975,5120.56876221795
118.29384175895,5530.89787110365
121.767726262944,5944.1531759863
95.6721725904679,6358.22981150745
40.1410832965676,6771.01846388397
-44.5413889477701,7180.41610335052
-157.942313405651,7584.33669039102
-299.48221644046,7980.72180147033
-8033.97827537134,198.532544683182
-7656.24651987585,-103.811029399799
-7280.71320102112,-392.256939781306
-6909.1736809045,-665.987818435642
-6543.47322053055,-924.266729961521
-5783.06043596959,-499.870473836657
-5449.50038863704,-717.307808808019
-5127.21211773473,-918.212281902298
-4455.01561936052,-415.390357911076
-4174.15290013198,-576.009513833143
-3909.69490302295,-719.585459612632
-3333.31864125941,-145.32978212565
-3117.9809165139,-250.040093333836
-2609.0067744264,367.953236183247
-2446.08600877037,300.495237721484
-2002.55529285075,957.873604298846
-1894.02718780359,926.042259684519
-1810.36932336662,911.116614857411
-1458.47410047098,1620.77808256668
-1427.34433313701,1641.79616734898
-1079.9991850894,2419.08905485763
-965.667898981874,2613.26970183324
-795.430893584646,2966.67860628853
-644.729727540859,3350.99078092057
-522.466632720856,3746.55641824285
-429.265111591965,4151.36150972479
-365.600301389294,4563.34482092267
-331.796547650562,4980.40836218741
-328.02575200726,5400.42805014239
-354.306502686033,5821.26450625789
-410.503992054986,6240.77393807063
-496.330721410245,6656.8190480801
-611.347989058882,7067.27991510542
-754.968153645106,7470.06479290676
-926.457660603456,7863.12077117351
-7832.8524863889,-983.879990907836
-7459.26059929941,-1260.65125073153
-6671.81057771397,-864.308498531887
-6326.94688892253,-1100.7586628443
-5991.68009754885,-1321.10779616396
-5288.15511352967,-844.992082598852
-4991.23176949071,-1025.03665965699
-4709.12453717881,-1188.25959125677
-4098.41143735298,-638.631438587172
-3862.85697127459,-762.603689471807
-3318.76570559193,-167.359848967877
-3133.5714794128,-253.54757543103
-2970.38263009584,-322.724320100856
-2522.79194314457,333.110451704952
-2414.44795002733,300.038046102724
-2028.85069274067,991.633663537337
-1975.90837096277,993.149828163568
-1641.27422488816,1719.79685970019
-1582.2158110804,1802.88725942537
-1450.67757805512,2023.88813927858
-1272.55077394149,2393.78309352479
-1119.75987519812,2782.98681410543
-995.755247608029,3183.56869394311
-901.169243297563,3593.4890802487
-836.484042981263,4010.66059624935
-802.029193934259,4432.95874675008
-797.979931315011,4858.23271615826
-824.356291424138,5284.31630456507
-881.023021322164,5709.03894670237
-967.69028505198,6130.23675807696
-1083.91516253025,6545.76355234548
-1229.10393302265,6953.50177402501
-1402.51513101189,7351.37329094966
-1603.26335824286,7737.34999147095
-7581.87208573827,-1199.29786799136
-7228.46484106678,-1453.58858419042
-6882.9718370359,-1692.35268611995
-6150.4757722122,-1243.01666025865
-5840.06643412285,-1441.76518005728
-5542.83276597788,-1624.03199133166
-4899.47554771971,-1099.59615770365
-4645.95009259464,-1242.4672737545
-4410.46784884347,-1368.38696179992
-3862.28981643284,-775.53969016825
-3677.38226691402,-863.387771126623
-3194.7518015186,-228.770379123702
-3063.03627569595,-280.017858644548
-2643.21132799562,392.260513744188
-2565.92084655259,376.14008477595
-2204.30566385747,1082.0261788169
-2172.71544911784,1105.04170851564
-2102.24381744377,1200.66757543857
-1952.13783966825,1452.82509068426
-1769.67995140016,1831.81181959317
-1321.52185289151,2888.29302199772
-1202.35293744398,3273.26594393882
-1111.45548282892,3667.21319163256
-1049.29285743697,4068.12866946131
-1016.18175822075,4473.97061766736
-1012.29059751612,4882.67199097298
-1037.63865064552,5292.15096968848
-1092.09596855614,5700.32155024701
-1175.38405573863,6105.10416161215
-1287.07730965932,6504.43625378192
-1426.60521395702,6896.28280464864
-1593.25527371794,7278.64669178214
-1786.17667727735,7649.57887627633
-7037.87092316372,-1610.56303578395
-6716.71756807688,-1826.99195492418
-6407.07112544531,-2027.40871878869
-5733.17565206563,-1528.40392481492
-5464.16552474315,-1689.55433934996
-5211.60995933409,-1834.03505775841
-4629.89646058981,-1264.90784521721
-4425.34926748679,-1371.1162655039
-3908.4010033174,-758.608580003889
-3754.9895905815,-827.882681195145
-3300.96668506432,-175.994526140929
-3200.52965163186,-209.732987083034
-3124.56162137875,-226.625970932179
-2758.74841372855,477.949705905722
-2724.44316256807,503.544029824217
-2323.61887422245,1315.19860419527
-2157.79391949893,1597.45434143272
-1982.90467061975,1960.74377035011
-1835.07134220493,2336.92889163248
-1715.047866769,2724.09424868368
-1623.44624661812,3120.2683419512
-1560.73342637159,3523.43364590832
-1527.2289093608,3931.53686287958
-1523.1031301728,4342.49936204844
-1548.37659165373,4754.22775098351
-1602.91977068232,5164.62452628076
-1686.45379300356,5571.59874943447
-1798.55187338971,5973.07669383388
-1938.64151339972,6367.01240883222
-2106.00744505942,6751.39814715354
-2299.79530490409,7124.27460249354
-2519.01601903725,7483.74090503023
-7616.7917233416,-2182.13755621923
-7297.60204913625,-2399.49393277867
-6990.06064303211,-2600.89774099304
-6313.85105067216,-2104.31345067034
-6046.86404199678,-2266.56593730536
-5433.42663827021,-1721.5301027065
-5211.60049375815,-1845.55071452579
-5009.07577894117,-1952.83463825355
-4488.45727715185,-1342.74312282722
-4336.94344825493,-1412.96843890308
-3878.80151579101,-763.269456853989
-3780.13510218984,-797.758447763377
-3380.95447823849,-112.337765585752
-3335.54575105435,-112.436222442154
-2972.10268818752,617.432087572847
-2875.49823206702,746.174636127386
-2694.97928596362,1055.19639876883
-2519.7184024456,1418.9878828203
-2371.53673894379,1795.67608457635
-2251.18996123037,2183.34288444979
-2159.29169170343,2580.01413395043
-2096.3103743102,2983.66968814736
-2062.56688364633,3392.25367468266
-2058.2328905269,3803.68494755425
-2083.32999237398,4215.86767289259
-2137.72961276931,4626.7019932208
-2221.15367050427,5034.09471621326
-2333.17601444272,5435.96997376118
-2473.22461652092,5830.27979721285
-2640.58451126192,6215.01455499034
-2834.40146630754,6588.21319938296
-3053.68636468151,6947.97327019429
-3297.32027582527,7292.46060405643
-7190.840661787,-2487.78222554642
-6912.2601136245,-2666.71633556108
-6269.33443180295,-2145.79993329323
-6032.83769369753,-2286.81724306596
-5814.04821664882,-2411.45603870015
-5260.91360018863,-1824.19891625518
-5090.55181948965,-1911.79604389559
-4599.07652443557,-1283.61914144232
-4479.48679772677,-1335.37262380861
-4047.05166135858,-670.035187236197
-3979.25189018327,-687.213607739057
-3935.8080066485,-687.697517733769
-3559.98260078141,45.9770862587534
-3446.42298969011,197.715187072771
-3255.13264982186,526.969055460723
-3080.31996673059,889.573865476584
-2932.48474385191,1265.01733810207
-2812.38083861101,1651.38759381769
-2720.62060771283,2046.71699418254
-2657.67177918308,2448.99214316736
-2623.85506545786,2856.16412367281
-2619.34252978674,3266.1589175737
-2644.15671428572,3676.8879566468
-2698.17053400457,4086.25875101453
-2781.10793738028,4492.18554127333
-2892.5453294562,4892.59992027703
-3031.91375027554,5285.46137061904
-3198.50179693591,5668.7676641961
-3391.45927393488,6040.56507084887
-3609.80155266941,6398.95832395501
-3852.41461729292,6742.12029199943
-6885.18924435883,-2695.59306114428
-6652.90484805368,-2836.58815605372
-6069.19416530706,-2272.32580810426
-5882.46682474622,-2376.54159091153
-5358.99741351681,-1770.33749037943
-5220.6020705744,-1838.80674944286
-5104.13665817421,-1890.86187795898
-4667.06624950227,-1228.12967254901
-4601.79841672235,-1245.61139495431
-4218.37270181711,-549.273142748051
-4169.72406473586,-507.252704369292
-4036.85972028981,-327.282777365935
-3839.71366055045,13.436751430619
-3666.21805252307,373.067110662467
-3519.46586139959,745.415659888909
-3400.2053819563,1128.58618535686
-3309.04464448709,1520.62725459284
-3246.44830956386,1919.54213724242
-3212.73529709753,2323.29895859811
-3208.07716187173,2729.84103453596
-2924.6778906277,3680.57847547377
-2975.87926729434,4068.64487431593
-3054.4984076991,4453.44596784419
-3160.13381965632,4833.02098935997
-3292.2462206756,5205.43562327106
-3450.1613064548,5568.79186335277
-3633.07320959042,5921.2376897376
-3840.04863039826,6260.97651523048
-4070.03161827753,6586.27635263622
-7294.63196878734,-3369.51297837219
-6709.18185639754,-2807.54228707182
-6527.26441223309,-2911.40772965571
-6000.7702643791,-2307.83660917916
-5866.44411873839,-2376.19785526066
-5397.17140780864,-1734.47337350844
-5311.92232621029,-1768.40854484665
-4896.53426844338,-1092.08631083124
-4859.69264171622,-1092.2692392907
-4801.70667403715,-1039.91537385142
-4295.38258579054,-134.404706016071
-4107.23094740625,191.294602562326
-3943.48487710673,530.726112183525
-3804.97935784563,882.161259329682
-3692.42060761917,1243.8102698549
-3606.3824715288,1613.83125739463
-3547.30349154732,1990.33958855572
-3515.48466907034,2371.41746760013
-3511.08793173153,2755.12369219013
-3534.13531229938,3139.50353085071
-3584.50884377342,3522.5986721348
-3661.95117107358,3902.45719505671
-3766.06687599466,4277.1435101889
-3896.32450839886,4644.74822089635
-4052.05931295754,5003.39785452064
-4232.47663715697,5351.26441391329
-4436.65600276681,5686.57470055883
-4663.55581955246,6007.61936161989
-4912.01871671601,6312.76161457285
-6816.62347368569,-2742.74039341185
-6667.04512804692,-2826.43065049084
-6167.03102784741,-2205.96414110795
-6064.03177312414,-2255.59415411865
-5982.5995684083,-2289.30763504248
-5561.47423982667,-1616.31358216836
-5526.09616979227,-1615.71121309317
-5093.3558589317,-860.869850388846
-4921.84494556269,-616.228306067653
-4737.05189253801,-296.488384739633
-4576.20505159933,36.7185556128911
-4440.12457465457,381.695561949883
-4329.50427921199,736.6856648237
-4244.90810459283,1099.88081179866
-4186.76723282302,1469.43106229416
-4155.37788900741,1843.45399738898
-4150.89983246231,2220.04429700312
-4173.35554629878,2597.28343598363
-4222.6301295234,2973.24944997171
-4298.47189207974,3346.02672152109
-4400.49364960665,3713.71573678008
-4528.17471106773,4074.44276313609
-4680.8635488181,4426.36939856277
-4857.78113715315,4767.7019439942
-5058.02494193401,5096.70055088915
-5280.57354053807,5411.68809722596
-5524.29184814801,5711.05874649067
-6855.22802749049,-2707.11758329389
-6757.08379558044,-2756.01027661195
-6304.98242675532,-2103.61161921689
-6252.74891465722,-2119.9631002658
-5843.89517816805,-1433.03387356555
-5760.18136699492,-1347.86275060832
-5575.0004285761,-1080.04340797121
-5394.68907939902,-768.193643042411
-5237.72105746911,-443.222185288779
-5104.89669227742,-106.784129778943
-4996.89316626661,239.406962439285
-4914.26105675779,593.587778724292
-4857.42152556768,953.95422375061
-4826.66417075091,1318.67059758991
-4822.14555147236,1685.87893651865
-4843.88839352859,2053.70846924411
-4891.78147950881,2420.28514061619
-4965.58022404087,2783.74115450102
-5064.9079310208,3142.2244873458
-5189.25772619689,3493.90832405889
-5337.99515498997,3837.0003681688
-5510.36143200118,4169.75197880558
-5705.47732529918,4490.46708787558
-5922.34765532126,4797.51085185776
-6159.86638506612,5089.31799395198
-7088.32518002613,-2554.554081119
-7019.52538644464,-2585.53882703365
-6971.12994722665,-2601.37892145682
-6550.98640922311,-1915.9391126067
-6447.88037277806,-1805.1158050843
-6256.14693863914,-1525.21383909234
-6081.49079333501,-1223.27044550164
-5929.4253210215,-908.634258423421
-5800.72581302499,-582.907813506298
-5696.04839057036,-247.750190621108
-5615.92665495484,95.1314250327407
-5560.76896428837,443.990427842735
-5530.85635077399,797.049678772124
-5526.34108919252,1152.51054941805
-5547.24592388423,1508.56207730889
-5593.46395811647,1863.39018600595
-5664.75920629825,2215.18692320824
-5760.76780607819,2562.15966992058
-5880.99988395371,2902.54027384625
-6024.84206464706,3234.59406050241
-6191.56061118878,3556.62867612586
-6380.30517940181,3867.00271724575
-6590.11316732737,4164.1341028338
-7319.77862757069,-2384.59914552517
-7282.80663937159,-2373.22360635947
-7155.1522998102,-2227.42637062849
-6966.54654690809,-1951.14163492291
-6798.7676496762,-1661.20310059698
-6652.67099858114,-1359.08754094404
-6529.00141481648,-1046.33379361576
-6428.38934756647,-724.534932877268
-6351.34765589132,-395.330164985062
-6298.26899175767,-60.396487710975
-6269.42379763163,278.559843752173
-6264.95892888124,619.812001257914
-6284.89690800519,961.621374512705
-6329.13581444309,1302.24642361408
-6031.67363193203,2155.70176055919
-6120.11512270733,2475.33543193908
-6230.87113780185,2788.89588351311
-6363.37669619011,3094.78513604908
-6516.95594383562,3391.44420708762
-6690.82561083764,3677.36106002483
-6884.0990165665,3951.07831583562
-7478.98893704051,-1956.33495929948
-7306.75844774992,-1704.03028974012
-7153.54655619172,-1439.25702040961
-7020.13435101967,-1163.3638023164
-6907.20195820167,-877.755962187366
-6815.32506919933,-583.88835275725
-6744.97200283172,-283.257950264025
-6696.50131589446,22.6037633617218
-6670.15997478009,332.138595011551
-6666.08209744792,643.769572103439
-6684.28827215316,955.908971236613
-6724.68545636629,1266.96640304275
-6787.06745632427,1575.35691216098
-6871.11598465968,1879.50905115817
-6976.40229057793,2177.87288731225
-7102.38935410529,2468.92790148376
-7248.43463302886,2751.19073881519
-7413.79334831404,3023.222771714
-7798.01436515461,-1589.36807136552
-7691.65458297442,-1320.58244749091
-7605.10366284448,-1044.03218197491
-7538.80276052914,-761.126090529819
-7493.0897744303,-473.305413484433
-7468.1976227118,-182.036479501923
-7464.25305680138,111.196759444595
-7481.27601731372,404.900283948393
-7519.1795356423,697.577615523735
-7577.77018166016,987.737438772462
-7656.74905515572,1273.90119860113
-7755.71331583458,1554.61063382478
6027.71616754052,-4645.34363848888
5505.05280755425,-4063.71369616439
1340.82554887458,-6820.15536203823
5005.66169002576,-3466.53937841089
546.570835686199,-5820.57127812199
4531.08998359143,-2856.10751416633
460.659130666743,-4378.52471778045
4082.72124036614,-2234.83318795442
-209.770899612157,-3360.11622418526
3661.77197198288,-1605.25231931665
-828.417877791334,-2320.73584385424
7925.54874562673,-349.750751566955
3943.49474084383,-617.998183891731
-1393.71013404216,-1264.67514206051
7737.04973813722,-76.8635833746165
3593.75889917839,-9.20213397791932
-1173.88283836929,60.9234461008966
7560.78567603415,192.623873333217
3272.52335194788,599.376970115784
-1616.78665369723,1096.00990984412
7397.25468872693,457.346256582356
2980.31003308958,1204.92402901201
-2005.98606435362,2133.63701743296
7246.9004196714,715.913863990101
3434.6705237518,2043.59634629484
-1582.08195213206,3307.3556665973
7753.93714109617,1314.23336055883
3208.70341842405,2605.26303561399
-1858.31232210978,4295.043591791
7636.41359500025,1542.03945731574
3010.88872780335,3155.26860600422
-2083.33864480721,5271.22483689321
7532.32915698036,1759.86696160613
3574.65721785224,3850.90141431576
-1490.71474007905,6253.12210916906
7441.93982260059,1966.36683064262
3435.88516278655,4341.42263443212
-851.552760331884,7141.85210973684
7365.46830681816,2160.19705319383
3323.37166023607,4811.93431212408
-935.19038432816,7977.92426186396
3974.8643258326,5349.71322868253
3913.12342199056,5747.16306681616
4610.92607536629,6170.82229272624
4593.84501514217,6488.47206685274
5403.18461096528,-5218.02801042416
4856.27922141282,-4608.95680577781
41.7215060437575,-7851.59208454928
4333.8626139653,-3983.45159864885
-809.637131168274,-6776.5345906497
3837.54263085289,-3343.8998286227
-1606.76452181333,-5668.20140505919
7712.28198912491,-1384.16895652657
3368.75426654598,-2692.82384453631
-2347.22552723578,-4530.99217193336
7489.64772559563,-1092.74360043679
2928.75588205824,-2032.8730354621
-3028.92347086125,-3369.51787274832
7278.71985443557,-802.028593092697
3197.8162493194,-1016.11417607796
-2927.71731768776,-1897.20420795505
7698.33903800408,-108.266435257621
2832.07172136668,-376.803906883601
-3472.21349925984,-743.524923967027
7521.20897191371,161.277998967865
2496.22831581326,262.470995145293
-3956.33998549391,418.911463091418
7356.75966510522,426.006783423297
2190.80908078966,898.763542026337
-3621.14524852245,1753.13222852826
7205.43392479384,684.528612284967
2638.96611921884,1764.07231258677
-3975.79452446416,2875.17168838195
7067.62291620414,935.432776882053
2402.64061727704,2355.4960091845
-3502.0880363372,4077.915830425
6943.6695205208,1177.29474869532
2195.77931984666,2934.88327983206
-3737.50718382141,5139.07439191901
7490.64089127806,1729.79973175293
2757.52519252518,3653.17348250626
-3145.92159440537,6192.86676653818
7399.15605830116,1936.02846608101
2612.20337030796,4171.19644932628
-3274.50747496276,7174.27294521217
7321.53872073357,2129.52809841203
3237.5033692297,4775.97211078699
7257.98387446586,2308.96819649942
3147.12646815477,5223.44135361294
7208.6637155957,2473.04070510084
3082.01159531726,5644.77192472663
3782.91378117266,6081.05580738243
3764.15036569526,6419.15849431773
4777.75148875963,-5791.75695561598
4206.66331753456,-5155.32688820287
3661.27135410895,-4501.57956648695
3143.24336354576,-3833.00237571875
-3685.23429157636,-6951.58724439387
7676.16532052813,-1418.38884293609
2654.06498251863,-3152.2242564666
-4496.87660968574,-5692.59606275252
7452.9962256704,-1127.09212863589
2195.03555733362,-2462.00738046319
-5242.51490297081,-4405.91833985945
7241.46535208964,-836.559855870795
1767.26502832855,-1765.2386843998
-5191.98359211821,-2811.19521714
7042.20859057759,-548.165421803067
2069.42374102683,-746.008492524284
-5785.32856354115,-1528.39318224267
6855.79973793951,-263.318829086462
1718.94262505774,-76.1145568589884
-5556.16796220645,-33.2862582075631
6682.75230138014,16.5379675945355
1400.27390716415,590.846008108848
-6003.39621543764,1221.16114416959
7167.72105069934,650.693545710287
1113.7614307029,1251.70628528118
-6384.43956277925,2474.47972370514
7029.02792787193,901.159177798178
1595.14532971193,2104.09904782752
-5924.35604518544,3795.18981048789
6904.12306068559,1142.53283731719
1379.14440784769,2712.82999785341
-5395.21643029579,5021.12275581928
6793.30467305556,1373.38167793846
1938.50203794407,3454.10355775159
6696.83135717705,1592.27135529398
1786.50245843651,3999.6323801387
7281.71493127713,2095.01160330155
1663.02573895944,4523.50971039479
7217.03406971396,2273.78979911154
2316.81496409189,5096.32613260249
7166.52628381623,2437.15085843733
2248.13064547896,5541.58765391424
7130.3483429223,2583.81682155409
2951.70352084966,5991.09867886574
3675.16833511158,6373.56761459805
3674.46079980055,6676.31893847286
3580.15858978945,-6887.33286613907
2961.65726526884,-6196.63951288451
7552.23239461921,-2516.47027847686
2371.44920939548,-5486.71112496115
7295.56417752525,-2212.48414795562
1811.33086775329,-4760.24152008781
7049.63224449434,-1906.46754104206
1282.89843367712,-4020.07881355987
6815.23079727427,-1599.77199270059
1461.52398331055,-2892.68298845679
7207.43943398886,-872.203539445863
1016.16001211834,-2165.41728954952
7007.72536402264,-584.4129678148
604.364359317032,-1434.28715964012
6820.77299488075,-300.224010224222
226.872519523267,-702.53133311539
6647.09454318662,-21.076744602107
609.723748294084,280.695614203598
6487.14455217272,251.56168054174
311.297667475966,971.945841039529
6341.32294061461,516.202402158831
787.241577612677,1850.36534268895
6868.64785490843,1104.63975555473
562.014075482273,2488.28780460189
6756.92701648122,1334.62593251947
368.64131168197,3110.03143069794
6659.46743852891,1552.61239368166
959.786403965145,3825.68455107329
6576.49368669185,1757.1714721726
830.593537034631,4376.1440022528
6508.20157104729,1946.88865367482
1484.89139866691,4967.10704169381
7128.6895849623,2396.88559464216
1412.42564156789,5436.24259498672
7091.31396807983,2542.55569959271
2118.20164664108,5899.49059948039
7068.34415702084,2670.26218461576
2844.56145222724,6292.85944073634
2842.28370046045,6613.93076471894
3604.90809392966,6882.87970819061
3642.45836376627,7105.97544880571
2309.56942472826,-6745.50488040079
7519.43420863743,-2551.95178677656
1696.36971013949,-6007.35744072042
7262.89355117049,-2248.70181687953
1114.51583150653,-5251.8906566813
7016.98994835911,-1943.49449989229
565.653149258748,-4482.05843894498
6782.5150546294,-1637.67768357443
51.2119884773354,-3700.96589313103
6560.19285344819,-1332.64716256422
-427.596541528648,-2911.85943254437
6350.6803791799,-1029.84255063493
-161.622776954417,-1805.87497138401
6154.56904180881,-730.742817380872
-553.879689488976,-1043.45918211138
6615.29615514293,-60.9167870874297
-909.930376931975,-283.710127608124
6454.79961368362,210.597608203162
-490.1365384871,689.157372119961
6308.32682716152,474.070731225964
-765.537180835347,1400.68395425755
6176.22633719689,728.001185158846
-254.530157003139,2260.41388359044
6058.80039139968,970.877750472215
-456.009912520533,2910.56301616384
6626.45099323375,1509.17768258072
133.111998445461,3648.27681250692
6542.50407748941,1712.49413110159
-1.96443240106423,4225.09756341397
6473.14333858672,1900.9451460372
652.371294560203,4834.48451034624
6418.54352390848,2073.14087098863
575.896242515664,5327.32526501875
7056.70276532123,2496.68662455765
1283.36974018019,5804.72297580808
7032.50967920922,2623.15492806799
2012.10906342022,6209.49031541069
7022.78737362613,2730.46773813009
2007.93550063325,6548.8083688076
7027.68324459682,2817.50796471348
2774.08598212273,6823.91282404434
2810.75583929638,7060.96534175425
7194.55636891559,-3388.61607885173
1057.76479694908,-7790.29758527073
6915.65564944347,-3074.17222512291
399.057111213638,-6995.01304580419
6647.03318364628,-2756.25490429236
-225.520959117961,-6180.65301570992
6389.58222712272,-2436.219132447
-814.213015204291,-5350.39390224901
6752.99813037742,-1676.36853353701
-1365.49724047832,-4507.57523291412
6530.74607176684,-1372.66943480568
-1179.02064372097,-3315.01633528792
6321.1819198106,-1071.26042301371
-1637.41329671106,-2490.77351335484
6124.89508857327,-773.615059080832
-2057.05633609796,-1665.21305434142
5942.41170269064,-481.241402488631
-1701.57233749703,-597.330284402436
5774.1972172336,-195.676875873076
-2033.14071725411,186.329827409858
5620.65970328833,81.517248381967
-1575.47847086514,1143.66425748119
6146.84938144891,681.35228148953
-1825.42640822676,1870.82662015757
6028.69556373784,922.64179124374
-1279.05030113359,2706.50365589275
5925.35821439306,1151.34084405172
-1454.96824204557,3363.70394631408
5837.06342181902,1365.94466481423
-833.545741993326,4069.14111695714
6442.67378775684,1850.64112377886
-943.661256863788,4644.1563674768
6386.98825926735,2021.28474142331
-260.402243200015,5213.37883243146
6346.11851748298,2174.31642207369
448.226005960459,5705.23765489053
6320.21633898972,2308.42375161328
419.994881030713,6125.01821635388
6990.23433397636,2677.12179645585
1172.37422186692,6479.19490188647
6993.78218225202,2762.75323350418
1941.4528218007,6760.99353273598
7012.02005999924,2827.0990487301
1976.80298373367,7011.87868092386
2777.0890382153,7162.589229438
7163.84766316292,-3423.95085874945
6885.79854143214,-3110.94090444083
-901.636228434097,-7983.12862337338
6617.89596583562,-2794.55627970509
-1569.29849077584,-7109.27651917683
6361.02902458571,-2476.14542513004
-2198.14113142727,-6217.96507895226
6116.01558411136,-2157.1114039504
-2786.55068664483,-5312.7705531627
5883.60246615612,-1838.90799119758
-2629.32014205963,-4060.23196290767
5664.4662317452,-1523.03541757729
-3118.39585962659,-3172.60010154989
5459.21460345617,-1211.03577226464
-3565.60809020582,-2283.12084596001
5916.55827026051,-527.971006183022
-3229.31225756629,-1157.40955805994
5748.10560861712,-244.346204993485
-3582.20219831483,-310.546087857883
5594.18710982453,30.8713618424139
-3137.53170410633,701.19137856407
5455.15727088624,296.110081736384
-3402.94292020372,1489.64105885774
5331.32232762845,549.786882145267
-2864.04258212379,2374.9631687772
5899.08505595483,1097.51080125059
-3050.11781848679,3090.3217350148
5809.93731574679,1310.17320944966
-2431.47060612072,3839.31929815405
5735.8994501884,1507.25242373328
-1778.44372049147,4506.62393568891
6360.16359299959,1964.81087879663
-1095.35753217928,5092.8994719929
6318.17560792639,2116.05064161547
-1151.76687365772,5596.5769966015
6291.04287170712,2248.39629872705
-417.540291482611,6039.05465926148
6278.91793739169,2360.59595602159
336.62001771229,6403.27366933016
6964.57938543644,2702.87284801487
1107.99088406386,6692.2210781392
6981.41160449839,2765.71150376872
1141.56049153762,6956.71641088864
7013.01373867903,2806.38570523957
1945.29183770481,7109.74145045082
2773.11483546349,7221.55867652849
6571.5487789907,-3963.79887198185
6281.36554309242,-3636.92244375145
6001.79785213843,-3306.47165240343
5733.76720447391,-2973.85146140175
-3584.03567304662,-7084.68456394265
6091.29846466462,-2199.58107484099
-4209.73569837437,-6116.7331179874
5859.45290666033,-1883.57411833428
-4790.5317603401,-5137.54890517244
5640.72263740074,-1569.97114153273
-4602.21151123259,-3852.12972363585
5435.7129185871,-1260.30505293591
-5077.10972008808,-2898.24827557688
5244.96287408492,-956.145441774006
-4760.55322082192,-1713.80272329715
5068.94828124286,-659.093302018684
-5134.84707944446,-803.162142799047
5572.23204242748,-22.8938287503872
-4703.69505434205,264.128457016181
5432.84281082841,239.969913281088
-4984.61591456776,1114.52916784698
5308.49140604329,491.260202873604
-4453.68454092492,2050.89595469295
5199.44236230158,729.399406587069
-3877.64712288001,2904.48358460724
5787.6548447023,1250.10718793744
-4034.52539298399,3619.37357727129
5712.73997679254,1444.95410767108
-3382.79397746396,4327.82731711597
5652.97189491692,1622.78525557325
-2699.32480031997,4950.81640937832
5608.51455929547,1782.17766009078
-1988.3147097926,5489.24602431497
6266.80677669788,2183.31243154546
-2020.39760136954,5973.20564517198
6253.39806799906,2293.59914386414
-1262.09732649554,6360.03042374895
6255.03765544437,2382.62750815868
-485.819556786517,6665.67252641626
6955.6164997921,2699.11258815203
306.061183695705,6893.40995367064
6985.74473525423,2738.25488944374
1112.76623002831,7049.87974514968
7030.7339019789,2754.51194451138
1947.69693595283,7168.54943052235
7094.0735394854,2752.5092592414
2094.3342263174,7356.32615332819
6543.57223108155,-3999.52132878024
6254.93580428933,-3674.93167738676
5976.74545868994,-3346.89005429365
5709.91704681547,-3016.79165863687
5455.29220936768,-2686.08885255783
5213.63858238364,-2356.28714038255
4985.6506395475,-2028.94079577793
4771.95120442229,-1705.64814183052
5225.91761727952,-1010.28212707118
-7042.91799279716,-2494.77573804498
5050.01927018542,-716.065541655346
-6688.43741682232,-1293.18801917756
4889.08915111849,-430.612096477193
-7037.21086207726,-329.565882843005
4743.48785916431,-155.555994947314
-6567.82046406611,743.16556058007
5290.53353289125,428.887449785595
-6045.39221410753,1731.63515814736
5180.95468944195,664.295355339496
-6251.86164440853,2565.25026402936
5086.73896846414,885.001385335847
-5640.21534451112,3405.98309470699
5008.08734965171,1089.45512236519
-4990.29923945186,4157.07398368916
5633.90188922581,1553.43874166217
-4306.96742173613,4818.44015605863
5588.3804563725,1710.42202811351
-3594.68163711477,5390.61073695483
5558.1818410901,1847.66186605006
-2857.45506373475,5874.73246616752
6232.95096558673,2221.3929156972
-2098.80363365876,6272.58085424441
6233.24291296331,2308.42734037375
-1321.70742241049,6586.57836193792
6248.63062428328,2373.22288872204
-528.585287444811,6819.8209238744
6279.301798059,2414.79205528153
280.651723165625,6980.91863289368
7006.83892261967,2679.66291113133
370.071821228938,7189.1772265999
7070.25755673026,2678.95604071967
1279.24255597229,7318.05977374635
7174.59573260511,2687.11688396233
2286.84549789346,7465.71647553609
6260.92106089459,-4875.12629624017
5950.87419042622,-4542.42015532008
5650.67991238618,-4204.7022332111
5361.36220713461,-3863.35754766085
5083.86777375835,-3519.83489526073
4819.06562177238,-3175.64306578405
5195.5091154962,-2405.88655711124
4968.44082499958,-2081.76598399478
4755.45436670306,-1761.7681126324
4557.10112801213,-1447.51649316715
4373.86687542385,-1140.66780419885
4874.90079371723,-493.730674926255
4729.23278725392,-221.94029963911
4599.00797260883,37.8125247673583
4484.49474824367,283.890115525871
5072.74965799044,812.686765940786
-7245.89129073303,3195.79042536533
4993.35987575508,1014.16414822247
-6598.38364291501,3990.66326559675
4929.53944829844,1197.9296380186
-5915.78763040088,4691.73231116263
4881.45619751009,1362.50003736725
-5202.83654571029,5299.15114944876
5542.18607094004,1768.28975125191
-4463.80612097187,5813.68492928237
5526.19539467558,1882.03785351444
-3702.45653403214,6236.72010830611
5525.70562321873,1973.61429671473
-2921.98283265902,6570.28189479896
6230.62202193633,2291.71534618533
-2124.97688186723,6817.06132083401
6259.7427703623,2331.4524531766
-1310.16182036125,6988.44710633975
6304.26912800207,2347.34426630067
-457.26487463179,7127.67465329489
7052.11503657374,2600.99411843933
466.829993537806,7271.43791714254
7162.10698097605,2616.08029208716
1499.07375113831,7434.97342427196
7344.85624220513,2659.31265306956
1930.75613097978,7708.7274757167
6233.56638757275,-4908.07522345718
5926.03332669567,-4578.42868727429
5628.151564933,-4243.93005802974
5340.93693075017,-3905.95188624945
5065.32893491108,-3565.92975400747
4802.19038739585,-3225.35852963093
4552.30763553487,-2885.78825011966
4316.39146167622,-2548.81964405988
4095.07867787565,-2216.099300409
4545.74381187617,-1509.60002896439
4363.03121169268,-1206.56129162077
4195.63601993834,-912.628936088302
4043.92548872918,-629.490788250156
4589.6862671543,-35.8622773672448
4474.87766717955,206.623801963911
4375.80720234077,433.853313377454
4292.67954362438,644.220112190083
4919.39283138383,1114.67236238246
4870.33628723451,1276.16853365838
4837.00192309185,1417.15755679593
5514.42408635179,1794.8115419841
5512.58469294005,1883.935407886
-4523.76237150931,6561.33977092869
5526.27560108293,1949.92219747378
-3723.7530495341,6823.55400788477
6245.56909100726,2242.67935508848
-2903.79656888226,7008.54695591729
6288.57705377894,2257.10383082439
-2040.15191077407,7163.47604832225
6357.10298470356,2262.33771896481
-1096.95050667617,7324.29677942095
7156.51771547415,2541.43442931319
-35.5245917904818,7503.90347424111
7353.95999113226,2596.11001991236
1181.22592936835,7693.12826610124
5652.38894242752,-5465.93929666113
5333.65625956377,-5124.25914895738
5024.92788394598,-4777.53401665608
4727.25193144333,-4427.18382485964
4441.59700423638,-4074.69426282903
4168.85179445418,-3721.61291782185
3909.82533404146,-3369.54502897049
4306.49949406775,-2607.93166311905
4086.42917569584,-2279.54809792406
3881.27396794738,-1957.15506263307
3691.52955735837,-1642.4557946018
3517.6280845629,-1337.18206034091
4038.75821779643,-706.886001031216
3903.08661373512,-440.444495603486
3783.45223193753,-188.158496831399
4371.24486502377,348.350755443648
4287.5602782162,554.941026604061
4219.79265667857,743.196966082026
4864.88188318183,1184.5711638882
4830.50240575161,1322.39594694145
4811.8298333311,1438.52489797764
5505.11364531381,1788.75685918541
5517.36913850471,1852.36520058083
5545.19848231076,1892.04466941741
6278.52694791758,2161.71165532994
6348.86198383393,2170.28673514846
-2660.71175243142,7391.37875506116
6477.49926629677,2201.97724972159
-1568.80307004304,7591.25036969271
6695.91445892612,2268.58774743793
-308.723270075956,7797.14693047704
7029.23331951623,2365.51766175739
7410.87065162884,2452.00787898709
5070.55295637593,-6025.25580368812
4740.9876473258,-5671.96626808118
4421.75810403799,-5313.45506489231
4113.94369640518,-4951.18787126993
4428.96746504593,-4124.11423003766
4158.59501920813,-3775.73206065916
3901.66759886894,-3428.48250044829
3658.91069802216,-3084.00408606987
3430.97410185271,-2743.98257242527
3218.43431269259,-2410.14563513195
3689.73753780562,-1717.90782868272
3516.55026712705,-1417.5021757845
3359.31146634417,-1128.26097060476
3218.34369981237,-851.92984413808
3783.8338072578,-278.477838312514
3680.21719196116,-46.4589762306856
3592.84088416122,168.156726000936
4219.79808187074,645.004905856032
4167.28092754364,809.613387915706
4130.81274436648,953.053316943912
4810.04255541236,1335.18010976984
4805.94268780601,1425.40698797705
4817.73995872354,1491.73130234805
5540.55781980394,1786.77120556682
5583.34940502551,1801.23232899584
5659.35444555362,1815.25947721999
6485.54670991639,2115.23120099436
6722.88967840288,2194.3937591672
7072.91966907581,2299.45289184521
7448.67264287946,2384.60619835433
5046.64223991044,-6057.7786093305
4721.00576425396,-5709.14262173473
4405.43608051159,-5355.49462323319
4101.00123004509,-4998.2822044512
3808.68815292181,-4639.02014685774
3529.40231022253,-4279.28649234394
3263.96796867897,-3920.71822348589
3013.12919029022,-3565.00656863531
3431.02162959261,-2815.26276711974
3220.01758752441,-2486.93634932232
3024.6162510373,-2166.58710263674
2845.25878333055,-1855.98366577906
3364.29128593237,-1217.44276206216
3223.71736694146,-946.318608565832
3099.41617328242,-689.777669089496
3686.26446846715,-146.081099326609
3598.56116567867,63.908360845438
3527.04237445709,255.028468919315
4172.52774915648,702.203956430811
4135.13641886611,841.836674015071
4113.75546636796,959.13988639039
4808.948516947,1313.48708070546
4819.33469145778,1377.04309925841
4845.64455460243,1415.95834682713
5583.72512140422,1689.76360426165
5663.20449418226,1708.73569599546
5816.08578007156,1760.54106286884
6079.05814732213,1853.19777833552
6452.93808115094,1966.90356279129
6844.46934340238,2055.90492661911
7243.04347894726,2116.28497580021
7646.6313893271,2147.73611510863
4465.29922133551,-6618.75186651274
4129.83031801491,-6259.64933890315
3804.70602287951,-5895.39843618053
3491.02317643882,-5527.48834091206
3189.79481232214,-5157.47773987047
2901.94977195351,-4786.99078663604
3263.81846785138,-3985.51618881279
3015.48638226128,-3635.90300313397
2782.08524674366,-3290.96856121867
2564.2026135089,-2952.47014369979
2362.35508442265,-2622.20188812663
2854.67218901341,-1947.62340345246
2692.62107737924,-1654.49762792275
2547.01400126537,-1374.65077376118
3110.96785201194,-794.034210089212
3003.22558596853,-559.166188176172
2911.93449216455,-342.158956479411
3538.48927231717,140.90606045345
3482.67830634612,307.068193087151
3443.16616828331,451.520936920255
4123.33537897926,838.631450382796
4116.92030494699,928.880046233348
4126.69723793172,994.617241749554
4851.98635206723,1293.16122840133
4895.3909986639,1308.85258934829
4982.17411042429,1334.91214579155
5840.58682949589,1661.11425948332
6127.94470004561,1767.23222692918
6503.16818129496,1882.15198056785
6887.45618113109,1969.50347600441
7278.65662285407,2028.76369455827
7674.7779109399,2059.63074589435
3539.07049021122,-6812.0025067111
3204.88930458564,-6437.77309007796
3484.14052702058,-5577.0564905697
3186.88333225875,-5213.47920834506
2902.66309040697,-4849.59520253363
2632.31693346545,-4487.06326351413
2376.60104880305,-4127.59703820448
2136.19247790391,-3772.95988544442
2575.95264077496,-3038.80970343059
2375.90779251248,-2715.26239938586
2192.00128300602,-2401.7572172109
2024.6241521239,-2100.11013276653
2564.04128389998,-1482.66781060222
2435.65641964612,-1224.03996887762
2323.93526961412,-982.108321023984
2929.78167705154,-462.329443003165
2854.8156086132,-270.140630497293
2796.40727430255,-98.8440828297996
3459.71106311416,322.83918767884
3435.68417602599,440.001306779342
4131.84114041692,799.216409706172
4140.27306878695,861.800192501347
4164.90421409068,899.211034730239
4907.99911280959,1180.74261840957
5000.43183052183,1213.47758979971
5184.85850269941,1288.98587075489
5503.13819552868,1409.58164391848
5892.43383010671,1529.07183963755
6290.90306086813,1619.90857948095
6696.51746196062,1681.62869415056
7107.21196381827,1713.91775892831
7520.89533663983,1716.61169571416
3525.05544059687,-6850.20817522366
3196.11168299236,-6482.73740386012
2878.529072052,-6111.77016313768
2573.33281839262,-5738.88042484992
2281.46354725092,-5365.70800773769
2003.77763754177,-4993.95409511642
2388.44600447195,-4206.00560643647
2150.92567310306,-3858.80608318269
1928.93158029905,-3518.29277976979
1722.99103004197,-3186.27730885365
1533.56443656723,-2864.60181823329
2046.96538912794,-2210.88353641154
1897.4841355702,-1929.91594935766
1764.81130686972,-1664.3424461396
2348.27620225503,-1107.5160788357
2253.52861288025,-890.153386483783
2175.55866108771,-692.686264764011
2820.22568193781,-235.126831656939
2777.86359863435,-91.220173224375
3458.0880345326,301.36048552019
3449.39145366283,390.47570615392
3457.10466651399,454.652800314048
4183.7569031758,757.973930114889
4229.29320705485,776.832766994751
4331.31621522268,818.550350492918
5229.50159193337,1176.62681012917
5568.63999968659,1307.38530050779
5949.44528135165,1424.26548962669
6339.22393782511,1513.11775819764
6735.99173812061,1573.48906350464
7137.72861249606,1605.07185204722
7542.38890838896,1607.70562650311
2936.97421890145,-7405.29545214032
2600.17803192136,-7029.32778973165
2274.95353128233,-6649.83001443967
1962.34842799091,-6268.41209272598
1663.32380210634,-5886.75149372613
2017.04342294006,-5069.86257134948
1758.03919538267,-4709.46587427322
1514.26867827768,-4354.14018593774
1286.34311699254,-4005.7033584854
1748.28542146678,-3290.74590586514
1560.90857698605,-2977.00393769762
1390.0539181871,-2675.39504687299
1236.06994916398,-2387.76017370103
1795.61676575105,-1794.0349166833
1680.59183855452,-1552.68345522935
2284.8468048227,-1027.15329565795
2206.86279885318,-835.841675815563
2145.54111135667,-665.739241922744
2808.09775977731,-238.298302883858
2781.59095048725,-122.678325327651
2771.68152869317,-31.5274487816797
3484.21726855145,302.821990362256
3507.09653516701,337.993603725474
4256.20725357533,631.799429400937
4366.89166978944,682.1619864135
4592.20549038985,784.740833905257
4956.03044600688,926.26034712817
5348.90853969973,1047.07723051005
5751.02271459591,1138.99128432098
6160.32584011606,1201.53387102332
6574.73393305372,1234.38637282527
6992.13674001905,1237.38181495815
7410.40845887238,1210.50570879727
7827.41854525233,1153.89611063419
2006.05269970716,-7578.59040675017
1673.81468651416,-7191.40608755196
1970.90959288975,-6331.71289081069
1676.98927992207,-5958.81206135035
1397.08458277591,-5587.57363484287
1131.97807927975,-5219.75896315247
882.371665123155,-4857.18009156532
1315.39533370196,-4109.68706941383
1106.67078423664,-3778.798755453
914.370647299627,-3458.49947688442
1425.59497630417,-2800.13504195967
1273.17126176644,-2520.64878877129
1137.52860380025,-2256.80448166577
1719.00673683577,-1694.7406179287
1621.40401325678,-1479.21697389502
1540.61413234177,-1283.8318946249
2183.8600826439,-820.553884544182
2138.96165193824,-678.847919094642
2110.82209470943,-560.925029383158
2807.50199879037,-193.53698155271
2813.20187584987,-131.913017255927
3540.11481136689,177.641733751243
3590.41740982867,202.680421792005
3713.78325472435,264.054375626765
4661.47847674533,659.311623135909
5029.99600713065,803.191345415634
5412.88988098413,920.933910220926
5804.78492544986,1010.50884537416
6203.68598572991,1071.45944807277
6607.5619974062,1103.47521038281
7014.35630114272,1106.39340113628
7421.99709268436,1080.199887756
7828.40795560098,1025.02919392343
2006.08527094633,-7626.745534435
1680.47532816679,-7248.75787043936
1367.22653017422,-6869.12263697759
1067.30602537156,-6489.51519008317
781.59576754862,-6111.67294108719
510.893671898393,-5737.39033604968
914.415669344478,-4959.31348420684
684.625160193346,-4613.51716670397
471.04084898269,-4276.70245875411
955.156452083196,-3584.26320398371
781.977894630302,-3285.5239105001
625.559709408597,-3000.96878334276
1182.92174856468,-2402.83723977598
1065.38627000841,-2164.50904826302
964.756709347818,-1945.09902307764
1587.16463793819,-1445.52406664645
1523.40781566984,-1278.52861868399
1476.53836130792,-1134.43267285413
2155.7158874768,-732.527188830063
2143.67867204799,-644.492307448516
2855.47431771951,-303.497470405059
2876.80773647576,-270.925933234814
2931.53172242339,-240.555850772429
3769.96851520172,112.760245199025
4048.81835542036,245.709713433126
4430.52511015142,395.030415768769
4823.44842663181,516.076061936441
5225.58802170208,608.229274588709
5634.89648336175,671.020221551265
6049.28966586348,704.129016314085
6466.65727596563,707.387347658723
6884.87359716545,680.779330068661
7301.80829793878,624.441570690667
7715.33726947563,538.662452759145
1086.08054791346,-7796.74306982624
767.349018000267,-7411.32349099751
462.080269997896,-7026.02002926926
810.482439388483,-6200.00118281319
544.960455547964,-5836.21911417235
294.659181455317,-5477.92522717992
60.2130857237935,-5126.96350716488
516.464486690551,-4402.1257986618
322.687843382047,-4086.25804772276
145.547441294479,-3783.03276111342
677.658984591608,-3149.76091331974
540.052662788424,-2890.33538744893
419.373908400961,-2648.47922857132
1019.56128520819,-2112.65608193191
936.613135929253,-1921.52628019642
870.63787117306,-1752.23591052008
1530.7748547658,-1314.87180723216
1500.54650977058,-1200.89119927965
2195.66584630298,-826.665660769565
2199.50275742126,-768.573890157072
2925.84260588506,-450.678059389184
2984.65120937802,-415.840751727977
3137.83115032447,-330.28253203397
3448.27251938838,-181.032965605492
3838.62832427431,-28.1380557174033
4240.43430609406,95.8563037367147
4651.64485203221,190.317729792994
5070.16626618033,254.764637978651
5493.8674017994,288.868702399475
5920.59048827334,292.456528315795
6348.1620983184,265.510528637899
6774.40420021151,208.168999976491
7197.14523926033,120.725398106606
7614.2311924694,3.62681692714486
8023.53654035983,-142.528320809748
171.762212916685,-7958.59963074372
490.67201282672,-7108.66759334184
206.076025101599,-6736.58919605849
-63.8832292325994,-6368.34768002747
-318.481639961864,-6005.76850549747
109.470197201108,-5250.57907188906
-104.494265631,-4919.91440995791
-302.063679161762,-4600.28845237363
-482.801696916822,-4293.5786731465
46.297871153017,-3654.69841655609
-94.4501817294482,-3392.26952581457
482.313349752167,-2820.74097281551
379.998091165026,-2606.96754070296
294.685948269379,-2413.81914840185
934.375001921868,-1940.59040361192
885.625476193569,-1801.52349246371
1562.56112832512,-1392.93762657197
1548.70599419542,-1309.26071302304
1551.74532758813,-1251.21537851368
2279.16643849571,-930.055165470822
2344.76536251239,-887.832785404979
3218.59854939789,-496.153303071697
3549.85918195374,-336.762978076362
3927.89637568051,-188.697818407283
4317.02220773473,-68.6204200328489
4715.25556190624,22.8568291839836
5120.56876221795,85.2675675809983
5530.89787110365,118.293841758951
5944.1531759863,121.767726262945
6358.22981150745,95.6721725904689
6771.01846388397,40.1410832965691
7180.41610335052,-44.5413889477686
7584.33669039102,-157.94231340565
7980.72180147033,-299.482216440459
198.532544683183,-8033.97827537134
-103.811029399798,-7656.24651987585
-392.256939781305,-7280.71320102112
-665.987818435641,-6909.1736809045
-924.26672996152,-6543.47322053055
-499.870473836657,-5783.06043596959
-717.307808808018,-5449.50038863704
-918.212281902297,-5127.21211773473
-415.390357911075,-4455.01561936052
-576.009513833142,-4174.15290013198
-719.585459612632,-3909.69490302295
-145.329782125649,-3333.31864125941
-250.040093333835,-3117.9809165139
367.953236183248,-2609.0067744264
300.495237721484,-2446.08600877037
957.873604298847,-2002.55529285075
926.04225968452,-1894.02718780359
911.116614857411,-1810.36932336662
1620.77808256668,-1458.47410047098
1641.79616734898,-1427.34433313701
2419.08905485763,-1079.9991850894
2613.26970183324,-965.667898981873
2966.67860628853,-795.430893584645
3350.99078092057,-644.729727540859
3746.55641824285,-522.466632720856
4151.36150972479,-429.265111591964
4563.34482092267,-365.600301389294
4980.40836218741,-331.796547650562
5400.42805014239,-328.025752007259
5821.26450625789,-354.306502686032
6240.77393807063,-410.503992054985
6656.8190480801,-496.330721410244
7067.27991510542,-611.34798905888
7470.06479290676,-754.968153645105
7863.12077117351,-926.457660603455
-983.879990907835,-7832.8524863889
-1260.65125073153,-7459.26059929941
-864.308498531886,-6671.81057771397
-1100.7586628443,-6326.94688892253
-1321.10779616396,-5991.68009754885
-844.992082598852,-5288.15511352967
-1025.03665965699,-4991.23176949071
-1188.25959125677,-4709.12453717881
-638.631438587171,-4098.41143735298
-762.603689471806,-3862.85697127459
-167.359848967876,-3318.76570559193
-253.54757543103,-3133.5714794128
-322.724320100855,-2970.38263009584
333.110451704952,-2522.79194314457
300.038046102725,-2414.44795002733
991.633663537337,-2028.85069274067
993.149828163569,-1975.90837096277
1719.79685970019,-1641.27422488816
1802.88725942537,-1582.2158110804
2023.88813927858,-1450.67757805512
2393.78309352479,-1272.55077394149
2782.98681410543,-1119.75987519812
3183.56869394311,-995.755247608029
3593.4890802487,-901.169243297562
4010.66059624935,-836.484042981263
4432.95874675008,-802.029193934258
4858.23271615826,-797.97993131501
5284.31630456507,-824.356291424137
5709.03894670237,-881.023021322164
6130.23675807696,-967.690285051979
6545.76355234548,-1083.91516253024
6953.50177402501,-1229.10393302265
7351.37329094966,-1402.51513101189
7737.34999147095,-1603.26335824286
-1199.29786799136,-7581.87208573827
-1453.58858419042,-7228.46484106678
-1692.35268611995,-6882.9718370359
-1243.01666025865,-6150.4757722122
-1441.76518005728,-5840.06643412285
-1624.03199133166,-5542.83276597788
-1099.59615770364,-4899.47554771971
-1242.4672737545,-4645.95009259464
-1368.38696179992,-4410.46784884347
-775.53969016825,-3862.28981643284
-863.387771126622,-3677.38226691402
-228.770379123702,-3194.7518015186
-280.017858644547,-3063.03627569595
392.260513744189,-2643.21132799562
376.140084775951,-2565.92084655259
1082.0261788169,-2204.30566385747
1105.04170851564,-2172.71544911784
1200.66757543858,-2102.24381744377
1452.82509068426,-1952.13783966825
1831.81181959317,-1769.67995140016
2888.29302199772,-1321.52185289151
3273.26594393882,-1202.35293744398
3667.21319163256,-1111.45548282892
4068.12866946131,-1049.29285743697
4473.97061766736,-1016.18175822074
4882.67199097298,-1012.29059751612
5292.15096968848,-1037.63865064552
5700.32155024702,-1092.09596855614
6105.10416161215,-1175.38405573863
6504.43625378192,-1287.07730965932
6896.28280464864,-1426.60521395701
7278.64669178214,-1593.25527371794
7649.57887627633,-1786.17667727735
-1610.56303578395,-7037.87092316372
-1826.99195492418,-6716.71756807688
-2027.40871878869,-6407.07112544531
-1528.40392481492,-5733.17565206563
-1689.55433934996,-5464.16552474315
-1834.03505775841,-5211.60995933409
-1264.90784521721,-4629.89646058982
-1371.1162655039,-4425.34926748679
-758.608580003888,-3908.4010033174
-827.882681195145,-3754.9895905815
-175.994526140928,-3300.96668506432
-209.732987083033,-3200.52965163186
-226.625970932179,-3124.56162137875
477.949705905722,-2758.74841372855
503.544029824218,-2724.44316256807
1315.19860419527,-2323.61887422245
1597.45434143272,-2157.79391949893
1960.74377035011,-1982.90467061975
2336.92889163248,-1835.07134220493
2724.09424868368,-1715.047866769
3120.2683419512,-1623.44624661812
3523.43364590832,-1560.73342637159
3931.53686287958,-1527.2289093608
4342.49936204844,-1523.1031301728
4754.22775098351,-1548.37659165373
5164.62452628076,-1602.91977068232
5571.59874943447,-1686.45379300356
5973.07669383388,-1798.55187338971
6367.01240883222,-1938.64151339972
6751.39814715354,-2106.00744505942
7124.27460249354,-2299.79530490408
7483.74090503023,-2519.01601903725
-2182.13755621922,-7616.7917233416
-2399.49393277867,-7297.60204913625
-2600.89774099304,-6990.06064303211
-2104.31345067034,-6313.85105067216
-2266.56593730536,-6046.86404199678
-1721.5301027065,-5433.42663827021
-1845.55071452579,-5211.60049375815
-1952.83463825355,-5009.07577894117
-1342.74312282722,-4488.45727715185
-1412.96843890308,-4336.94344825493
-763.269456853988,-3878.80151579101
-797.758447763377,-3780.13510218984
-112.337765585751,-3380.95447823849
-112.436222442154,-3335.54575105435
617.432087572848,-2972.10268818752
746.174636127386,-2875.49823206702
1055.19639876883,-2694.97928596362
1418.9878828203,-2519.7184024456
1795.67608457635,-2371.53673894379
2183.34288444979,-2251.18996123037
2580.01413395043,-2159.29169170343
2983.66968814736,-2096.3103743102
3392.25367468266,-2062.56688364633
3803.68494755425,-2058.2328905269
4215.86767289259,-2083.32999237398
4626.7019932208,-2137.72961276931
5034.09471621326,-2221.15367050427
5435.96997376118,-2333.17601444272
5830.27979721285,-2473.22461652092
6215.01455499034,-2640.58451126191
6588.21319938296,-2834.40146630754
6947.97327019429,-3053.68636468151
7292.46060405643,-3297.32027582526
-2487.78222554641,-7190.840661787
-2666.71633556108,-6912.2601136245
-2145.79993329323,-6269.33443180295
-2286.81724306596,-6032.83769369753
-2411.45603870015,-5814.04821664882
-1824.19891625518,-5260.91360018863
-1911.79604389559,-5090.55181948965
-1283.61914144232,-4599.07652443557
-1335.37262380861,-4479.48679772677
-670.035187236196,-4047.05166135858
-687.213607739056,-3979.25189018327
-687.697517733768,-3935.8080066485
45.9770862587541,-3559.98260078141
197.715187072772,-3446.42298969011
526.969055460724,-3255.13264982185
889.573865476585,-3080.31996673059
1265.01733810207,-2932.48474385191
1651.38759381769,-2812.38083861101
2046.71699418254,-2720.62060771283
2448.99214316736,-2657.67177918308
2856.16412367281,-2623.85506545786
3266.1589175737,-2619.34252978674
3676.8879566468,-2644.15671428572
4086.25875101453,-2698.17053400457
4492.18554127333,-2781.10793738028
4892.59992027703,-2892.5453294562
5285.46137061904,-3031.91375027554
5668.7676641961,-3198.50179693591
6040.56507084887,-3391.45927393488
6398.95832395501,-3609.80155266941
6742.12029199943,-3852.41461729291
-2695.59306114428,-6885.18924435883
-2836.58815605372,-6652.90484805368
-2272.32580810425,-6069.19416530706
-2376.54159091153,-5882.46682474622
-1770.33749037943,-5358.99741351681
-1838.80674944286,-5220.6020705744
-1890.86187795898,-5104.13665817421
-1228.12967254901,-4667.06624950227
-1245.61139495431,-4601.79841672235
-549.27314274805,-4218.37270181711
-507.252704369292,-4169.72406473586
-327.282777365935,-4036.85972028981
13.4367514306195,-3839.71366055045
373.067110662468,-3666.21805252307
745.41565988891,-3519.46586139959
1128.58618535686,-3400.2053819563
1520.62725459284,-3309.04464448709
1919.54213724243,-3246.44830956386
2323.29895859811,-3212.73529709753
2729.84103453596,-3208.07716187173
3680.57847547377,-2924.6778906277
4068.64487431593,-2975.87926729434
4453.44596784419,-3054.4984076991
4833.02098935997,-3160.13381965632
5205.43562327106,-3292.2462206756
5568.79186335277,-3450.1613064548
5921.23768973761,-3633.07320959042
6260.97651523048,-3840.04863039826
6586.27635263622,-4070.03161827753
-3369.51297837219,-7294.63196878735
-2807.54228707182,-6709.18185639754
-2911.40772965571,-6527.26441223309
-2307.83660917916,-6000.7702643791
-2376.19785526066,-5866.44411873839
-1734.47337350844,-5397.17140780864
-1768.40854484664,-5311.92232621029
-1092.08631083124,-4896.53426844338
-1092.2692392907,-4859.69264171622
-1039.91537385142,-4801.70667403715
-134.40470601607,-4295.38258579054
191.294602562327,-4107.23094740625
530.726112183526,-3943.48487710673
882.161259329683,-3804.97935784563
1243.8102698549,-3692.42060761917
1613.83125739463,-3606.3824715288
1990.33958855572,-3547.30349154732
2371.41746760013,-3515.48466907034
2755.12369219013,-3511.08793173152
3139.50353085071,-3534.13531229938
3522.5986721348,-3584.50884377342
3902.45719505671,-3661.95117107357
4277.1435101889,-3766.06687599466
4644.74822089635,-3896.32450839886
5003.39785452065,-4052.05931295754
5351.26441391329,-4232.47663715697
5686.57470055883,-4436.65600276681
6007.61936161989,-4663.55581955245
6312.76161457285,-4912.01871671601
-2742.74039341184,-6816.6234736857
-2826.43065049084,-6667.04512804692
-2205.96414110795,-6167.03102784741
-2255.59415411865,-6064.03177312414
-2289.30763504248,-5982.5995684083
-1616.31358216836,-5561.47423982667
-1615.71121309317,-5526.09616979227
-860.869850388846,-5093.3558589317
-616.228306067652,-4921.84494556269
-296.488384739632,-4737.05189253801
36.7185556128919,-4576.20505159933
381.695561949884,-4440.12457465457
736.6856648237,-4329.50427921199
1099.88081179866,-4244.90810459283
1469.43106229416,-4186.76723282302
1843.45399738898,-4155.37788900741
2220.04429700312,-4150.89983246231
2597.28343598363,-4173.35554629878
2973.24944997171,-4222.6301295234
3346.02672152109,-4298.47189207974
3713.71573678008,-4400.49364960665
4074.44276313609,-4528.17471106773
4426.36939856277,-4680.8635488181
4767.7019439942,-4857.78113715315
5096.70055088915,-5058.02494193401
5411.68809722597,-5280.57354053807
5711.05874649067,-5524.29184814801
-2707.11758329389,-6855.22802749049
-2756.01027661195,-6757.08379558044
-2103.61161921689,-6304.98242675532
-2119.9631002658,-6252.74891465722
-1433.03387356555,-5843.89517816805
-1347.86275060832,-5760.18136699492
-1080.04340797121,-5575.0004285761
-768.19364304241,-5394.68907939902
-443.222185288778,-5237.72105746911
-106.784129778943,-5104.89669227742
239.406962439286,-4996.89316626661
593.587778724292,-4914.26105675779
953.954223750611,-4857.42152556768
1318.67059758991,-4826.66417075091
1685.87893651865,-4822.14555147236
2053.70846924411,-4843.88839352859
2420.28514061619,-4891.78147950881
2783.74115450102,-4965.58022404087
3142.2244873458,-5064.9079310208
3493.90832405889,-5189.25772619689
3837.0003681688,-5337.99515498997
4169.75197880558,-5510.36143200118
4490.46708787558,-5705.47732529918
4797.51085185776,-5922.34765532126
5089.31799395198,-6159.86638506612
-2554.554081119,-7088.32518002613
-2585.53882703365,-7019.52538644464
-2601.37892145682,-6971.12994722665
-1915.9391126067,-6550.98640922311
-1805.1158050843,-6447.88037277806
-1525.21383909234,-6256.14693863914
-1223.27044550164,-6081.49079333501
-908.63425842342,-5929.4253210215
-582.907813506297,-5800.72581302499
-247.750190621107,-5696.04839057036
95.1314250327411,-5615.92665495484
443.990427842736,-5560.76896428837
797.049678772125,-5530.85635077399
1152.51054941806,-5526.34108919252
1508.56207730889,-5547.24592388423
1863.39018600595,-5593.46395811647
2215.18692320824,-5664.75920629825
2562.15966992058,-5760.76780607819
2902.54027384625,-5880.99988395371
3234.59406050241,-6024.84206464706
3556.62867612586,-6191.56061118878
3867.00271724575,-6380.30517940181
4164.1341028338,-6590.11316732737
-2384.59914552517,-7319.77862757069
-2373.22360635947,-7282.80663937159
-2227.42637062848,-7155.1522998102
-1951.14163492291,-6966.54654690809
-1661.20310059698,-6798.7676496762
-1359.08754094404,-6652.67099858114
-1046.33379361576,-6529.00141481648
-724.534932877267,-6428.38934756647
-395.330164985061,-6351.34765589132
-60.3964877109741,-6298.26899175767
278.559843752174,-6269.42379763163
619.812001257915,-6264.95892888124
961.621374512706,-6284.89690800519
1302.24642361408,-6329.13581444309
2155.70176055919,-6031.67363193203
2475.33543193908,-6120.11512270733
2788.89588351311,-6230.87113780185
3094.78513604908,-6363.37669619011
3391.44420708762,-6516.95594383562
3677.36106002483,-6690.82561083764
3951.07831583562,-6884.0990165665
-1956.33495929947,-7478.98893704051
-1704.03028974012,-7306.75844774992
-1439.2570204096,-7153.54655619172
-1163.3638023164,-7020.13435101967
-877.755962187364,-6907.20195820167
-583.888352757249,-6815.32506919933
-283.257950264024,-6744.97200283172
22.6037633617228,-6696.50131589446
332.138595011552,-6670.15997478009
643.76957210344,-6666.08209744792
955.908971236614,-6684.28827215316
1266.96640304275,-6724.68545636629
1575.35691216098,-6787.06745632426
1879.50905115817,-6871.11598465968
2177.87288731225,-6976.40229057793
2468.92790148376,-7102.38935410529
2751.19073881519,-7248.43463302886
3023.222771714,-7413.79334831404
-1589.36807136552,-7798.01436515461
-1320.58244749091,-7691.65458297442
-1044.03218197491,-7605.10366284448
-761.126090529817,-7538.80276052914
-473.305413484432,-7493.0897744303
-182.036479501922,-7468.1976227118
111.196759444596,-7464.25305680138
404.900283948394,-7481.27601731372
697.577615523736,-7519.1795356423
987.737438772463,-7577.77018166016
1273.90119860113,-7656.74905515572
1554.61063382478,-7755.71331583458
